status	MAGIC	WIZARDS	size_match	raw_match	normalized_match	mnemonic_match	magic_bytes	wizards_bytes	magic_instr	wizards_instr
mismatch	SOUNDp1:load_global_timbre	SOUNDp1:load_global_timbre	yes	no	no	no	191	191	86	87
mismatch	SOUNDp2:Audio_Init__WIP	SOUNDp2:Audio_Init__WIP	yes	no	no	no	1696	1696	612	610
mismatch	SOUNDp3:Play_Sound	SOUNDp3:Play_Sound	yes	no	no	no	861	861	347	349
mismatch	SOUNDp4:UU_SND_SetMIDIVol	SOUNDp4:Set_Music_Volume__STUB	yes	no	no	no	72	72	31	32
mismatch	SOUNDp5:UU_SND_GetMIDIVol	SOUNDp5:Get_Music_Volume__STUB	yes	no	no	no	55	55	23	23
mismatch	SOUNDp6:UU_SND_Silence	SOUNDp6:Stop_All_Sounds__STUB	yes	no	no	yes	100	100	35	35
mismatch	SOUNDp7:SND_Get_Seq_Status	SOUNDp7:Midi_Sequence_Status	yes	no	no	no	52	52	21	21
mismatch	SOUNDp8:Stop_Music__STUB	SOUNDp8:Stop_Music__STUB	yes	no	no	yes	125	125	42	42
mismatch	SOUNDp9:Audio_Uninit__STUB	SOUNDp9:Audio_Uninit__STUB	yes	no	no	yes	56	56	19	19
mismatch	SOUNDp10:UU_SND_LegacyFn	SOUNDp10:NX_UU_SND_LegacyFn	yes	no	no	yes	119	119	41	41
mismatch	SOUNDp11:BLASTER__board_ID	SOUNDp11:BLASTER__board_ID	yes	no	no	yes	322	322	132	132
mismatch	SOUNDp12:Audio_Error__STUB	SOUNDp12:Audio_Error__STUB	yes	no	no	no	181	181	80	80
mismatch	_AIL_p1:_find_proc	_AIL_p1:_find_proc	yes	no	no	yes	56	56	23	23
mismatch	_AIL_p3:_API_timer	_AIL_p3:_API_timer	yes	no	no	yes	209	209	68	68
mismatch	_AIL_p6:_hook_timer_process	_AIL_p6:_hook_timer_process	yes	no	no	yes	76	76	28	28
mismatch	_AIL_p7:_unhook_timer_proc	_AIL_p7:_unhook_timer_proc	yes	no	no	yes	48	48	19	19
mismatch	_AIL_p8:_set_PIT_divisor	_AIL_p8:_set_PIT_divisor	yes	no	no	yes	41	41	25	25
mismatch	_AIL_p9:_set_PIT_period	_AIL_p9:_set_PIT_period	yes	no	no	yes	42	42	23	23
mismatch	_AIL_p11:_program_timers	_AIL_p11:_program_timers	yes	no	no	yes	149	149	52	52
mismatch	_AIL_p15:_AIL_release_tmr_hnd	_AIL_p15:_AIL_release_tmr_hnd	yes	no	no	yes	73	73	35	35
mismatch	_AIL_p16:_AIL_release_all_tmrs	_AIL_p16:_AIL_release_all_tmrs	yes	no	no	no	30	30	19	20
mismatch	_AIL_p19:_AIL_stop_timer	_AIL_p19:_AIL_stop_timer	yes	no	no	yes	40	40	21	21
mismatch	_AIL_p20:_AIL_stop_all_timers	_AIL_p20:_AIL_stop_all_timers	yes	no	no	no	30	30	19	21
mismatch	_AIL_p21:_AIL_set_timer_prd	_AIL_p21:_AIL_set_timer_prd	yes	no	no	yes	85	85	35	35
mismatch	_AIL_p22:_AIL_set_timer_freq	_AIL_p22:_AIL_set_timer_freq	yes	no	no	yes	65	65	38	38
mismatch	_AIL_p25:_AIL_register_driver	_AIL_p25:_AIL_register_driver	yes	no	no	yes	227	227	71	71
mismatch	_AIL_p26:_AIL_release_drv_hnd	_AIL_p26:_AIL_release_drv_hnd	yes	no	no	yes	71	71	29	29
mismatch	_AIL_p27:_AIL_describe_driver	_AIL_p27:_AIL_describe_driver	yes	no	no	yes	38	38	20	20
mismatch	_AIL_p28:_AIL_detect_device	_AIL_p28:_AIL_detect_device	yes	no	no	no	6	6	2	7
mismatch	_AIL_p29:_AIL_init_driver	_AIL_p29:_AIL_init_driver	yes	no	no	yes	178	178	79	79
mismatch	_AIL_p30:_AIL_shutdown_drvr	_AIL_p30:_AIL_shutdown_drvr	yes	no	no	yes	51	51	21	21
mismatch	_AIL_p35:_AIL_play_VOC_file	_AIL_p35:_AIL_play_VOC_file	yes	no	no	yes	6	6	5	5
mismatch	_AIL_p38:_AIL_start_digi_play	_AIL_p38:_AIL_start_digital_playback	yes	no	yes	yes	6	6	3	3
mismatch	_AIL_p39:_AIL_stop_digi_play	_AIL_p39:_AIL_stop_digital_playback	yes	no	yes	yes	6	6	3	3
mismatch	_AIL_p47:_AIL_register_seq	_AIL_p47:_AIL_register_sequence	yes	no	yes	yes	6	6	7	7
mismatch	_AIL_p49:_AIL_t_cache_size	_AIL_p49:_AIL_default_timbre_cache_size	yes	no	yes	yes	6	6	3	3
mismatch	_AIL_p50:_AIL_define_t_cache	_AIL_p50:_AIL_define_timbre_cache	yes	no	yes	yes	6	6	5	5
mismatch	_AIL_p51:_AIL_timbre_req	_AIL_p51:_AIL_timbre_request	yes	no	yes	yes	6	6	4	4
mismatch	_AIL_p62:UU_AIL_set_rel_volume	_AIL_p62:_AIL_set_rel_volume	yes	no	yes	yes	6	6	6	6
mismatch	_AIL_p79:_AIL_unhook	_AIL_p79:_AIL_unhook	yes	no	no	yes	55	55	20	20
mismatch	_AIL_p80:_AIL_hook	_AIL_p80:_AIL_hook	yes	no	no	yes	55	55	22	22
mismatch	_AIL_p82:_block_type	_AIL_p82:_block_type	yes	no	no	yes	15	15	10	10
mismatch	_AIL_p85:_DP_preformat	_AIL_p85:_DP_preformat	yes	no	no	yes	179	179	77	77
mismatch	_AIL_p91:_process_block	_AIL_p91:_process_block	yes	no	no	yes	343	343	146	146
mismatch	_AIL_p94:_xfer_chunk	_AIL_p94:_xfer_chunk	yes	no	no	yes	215	215	86	86
mismatch	_AIL_p95:_DP_describe_driver	_AIL_p95:_DP_describe_driver	yes	no	no	yes	128	128	41	41
mismatch	_AIL_p99:UU_DP_index_VOC_blk	_AIL_p99:UU_DP_index_VOC_blk	yes	no	no	yes	294	294	144	144
mismatch	_AIL_p103:_DP_format_VOC_file	_AIL_p103:_DP_format_VOC_file	yes	no	no	yes	238	238	110	110
mismatch	_AIL_p104:UU_DP_format_sb	_AIL_p104:UU_DP_format_sb	yes	no	no	yes	61	61	32	32
mismatch	_AIL_p105:_DP_start_d_pb	_AIL_p105:_DP_start_d_pb	yes	no	no	yes	72	72	30	30
mismatch	_AIL_p106:_DP_stop_d_bp	_AIL_p106:_DP_stop_d_bp	yes	no	no	yes	68	68	31	31
mismatch	_AIL_p107:UU_DP_get_VOC_status	_AIL_p107:UU_DP_get_VOC_status	yes	no	no	yes	15	15	12	12
mismatch	ovr048p1:Save_SAVE_GAM	ovr050p1:Save_SAVE_GAM	yes	no	no	no	1016	1016	410	409
mismatch	ovr048p2:Load_SAVE_GAM	ovr050p2:Load_SAVE_GAM	yes	no	no	no	1000	1000	402	402
mismatch	seg002p1:Mark_Time	seg002p1:Mark_Time	yes	no	no	yes	22	22	9	9
mismatch	seg002p2:Time_Passed_	seg002p2:Time_Passed_	yes	no	no	yes	16	16	7	7
mismatch	seg002p3:Release_Time	seg002p3:Release_Time	yes	no	no	no	54	54	32	32
mismatch	seg002p4:RP_CLK_ExtWait	seg002p4:UU_CLK_ExtWait	yes	no	no	yes	97	97	42	42
mismatch	seg002p5:Wait_For_Vsync_	seg002p5:VGA_WaitSync	yes	no	no	yes	16	16	10	10
mismatch	seg003p1:RP_Return_Ignore	seg003p1:UU_Return_Ignore	yes	no	no	yes	3	3	2	2
mismatch	seg003p2:RP_DISK_GetSpace	seg003p2:UU_Botched_DISK_GetSpace	yes	no	no	yes	90	90	44	44
mismatch	seg003p3:RP_DISK_GetDefaultDrive	seg003p3:UU_DISK_GetDefaultDrive	yes	no	no	yes	15	15	12	12
mismatch	seg003p5:LOF	seg003p5:LOF	yes	no	no	no	104	104	60	59
mismatch	seg003p6:UU_DISK_GetFileDateTime	seg003p6:UU_DISK_GetFileDateTime	yes	no	no	yes	78	78	42	42
mismatch	seg003p7:UU_DISK_CheckDrive	seg003p7:UU_DISK_CheckDrive	yes	no	no	yes	55	55	36	36
mismatch	seg003p8:UU_DISK_GetCurrentDir	seg003p8:UU_DISK_GetCurrentDir	yes	no	no	yes	45	45	27	27
mismatch	seg004p1:DIR	seg004p1:DIR	yes	no	no	yes	128	128	70	70
mismatch	seg004p2:Disk_Free	seg004p2:Disk_Free	yes	no	no	yes	34	34	19	19
mismatch	seg005p1:Exit_With_Size	seg005p1:Exit_With_Size	yes	no	no	no	311	311	137	137
mismatch	seg005p2:Exit_With_Message	seg005p2:Exit_With_Message	yes	no	no	no	44	44	14	11
mismatch	seg005p3:UU_Exit_With_Value	seg005p3:Exit_With_Value	no	no	no	no	69	64	25	21
mismatch	seg005p4:GAME_EXE_Swap	seg005p4:GAME_EXE_Swap	yes	no	no	yes	155	155	67	67
mismatch	seg005p5:Update_MemFreeWorst_KB	seg005p5:Check_Free	yes	no	no	no	24	24	11	12
mismatch	seg005p6:RP_VGA_B800Dump	seg005p6:UU_VGA_B800Dump	no	no	no	no	252	245	107	101
mismatch	seg005p7:RP_VGA_TextModeString	seg005p7:UU_VGA_TextModeString	yes	no	no	yes	88	88	49	49
mismatch	seg006p1:Reset_Video	seg006p1:Reset_Video	yes	no	no	yes	6	6	3	3
mismatch	seg006p2:Quit_With_Message	seg006p2:Quit_With_Message	no	no	no	no	45	43	25	24
mismatch	seg006p3:UU_DOS_PrintString	seg006p3:Print_Message	yes	no	no	yes	41	41	23	23
mismatch	seg006p4:dos_memfree_kb	seg006p4:Dos_Free	yes	no	no	yes	30	30	19	19
mismatch	seg006p5:DBG_Open_ERROR_LOG	seg006p5:DBG_Open_ERROR_LOG	yes	no	no	yes	9	9	9	9
mismatch	seg006p6:DBG_Close_ERROR_LOG	seg006p6:DBG_Close_ERROR_LOG	yes	no	no	yes	9	9	9	9
mismatch	seg007p1:UU_DOS_Allocate_Space	seg007p1:UU_SAMB_DOS_Allocate_Memory	yes	no	no	no	56	56	37	37
mismatch	seg007p2:UU_DOS_MemBlk_Alloc	seg007p2:UU_DOS_MemAlloc	yes	no	no	no	31	31	24	24
mismatch	seg007p3:UU_DOS_MemBlk_Free	seg007p3:UU_DOS_MemFree	yes	no	no	no	29	29	18	18
mismatch	seg007p4:Check_Allocation	seg007p4:Check_Allocation	yes	no	no	no	39	39	24	26
mismatch	seg007p5:farpeekb	seg007p5:farpeekb	yes	no	no	yes	20	20	15	15
mismatch	seg007p6:farpeekw	seg007p6:farpeekw	yes	no	no	no	18	18	14	14
mismatch	seg007p7:farpeekdw	seg007p7:farpeekdw	yes	no	no	yes	25	25	18	18
mismatch	seg007p8:farpokeb	seg007p8:farpokeb	yes	no	no	yes	21	21	16	16
mismatch	seg007p9:farpokew	seg007p9:farpokew	yes	no	no	yes	21	21	16	16
mismatch	seg007p10:UU_farpokedw	seg007p10:farpokedw	yes	no	no	no	25	25	18	18
mismatch	seg008p1:Near_Allocate_Mark	seg008p1:Near_Allocate_Mark	yes	no	no	yes	11	11	6	6
mismatch	seg008p2:Near_Allocate_Undo	seg008p2:Near_Allocate_Undo	yes	no	no	yes	11	11	6	6
mismatch	seg008p3:UU_Near_Allocate_Reset	seg008p3:Near_Allocate_Reset	yes	no	no	yes	17	17	6	6
mismatch	seg008p4:Near_Allocate_First	seg008p4:Near_Allocate_First	yes	no	no	no	55	55	28	27
mismatch	seg008p5:Near_Allocate_Next	seg008p5:Near_Allocate_Next	yes	no	no	no	60	60	29	29
mismatch	seg008p6:Near_Allocation_Error	seg008p6:Near_Allocation_Error	yes	no	no	no	74	74	34	34
mismatch	seg008p7:Allocate_Space	seg008p7:Allocate_Space	yes	no	no	no	159	159	69	66
mismatch	seg008p8:Allocate_Space_No_Header__LbxHeader	seg008p8:Allocate_Space_No_Header__LbxHeader	yes	no	no	no	74	74	32	32
mismatch	seg008p9:SA_Allocate_MemBlk_EntrySize	seg008p9:Allocate_Space_No_Header__EntrySize	yes	no	no	no	74	74	32	32
mismatch	seg008p10:Mark_Block	seg008p10:Mark_Block	yes	no	no	yes	46	46	25	25
mismatch	seg008p11:Release_Block	seg008p11:Release_Block	yes	no	no	no	46	46	24	24
mismatch	seg008p12:Allocate_First_Block	seg008p12:Allocate_First_Block	yes	no	no	no	201	201	101	97
mismatch	seg008p13:UU_SA_Alloc_Reset	seg008p13:Reset_First_Block	yes	no	no	no	53	53	29	30
mismatch	seg008p14:Allocate_Next_Block	seg008p14:Allocate_Next_Block	yes	no	no	no	209	209	108	102
mismatch	seg008p15:Get_Free_Blocks	seg008p15:Get_Free_Blocks	yes	no	no	no	51	51	30	29
mismatch	seg008p16:SA_MK_FP0	seg008p16:SA_MK_FP0	yes	no	no	no	35	35	17	18
mismatch	seg008p17:UU_SA_MK_FP_Norm	seg008p17:UU_combine_32	yes	no	no	no	47	47	24	24
mismatch	seg008p18:UU_SA_Deallocate_Space	seg008p18:UU_LBX_Alloc_Free	yes	no	no	no	33	33	14	14
mismatch	seg008p19:Allocation_Error	seg008p19:Allocation_Error	yes	no	no	no	410	410	182	183
mismatch	seg009p1:lbx_open	seg009p1:lbx_open	yes	no	no	yes	32	32	24	24
mismatch	seg009p2:lbx_close	seg009p2:lbx_close	yes	no	no	no	20	20	16	16
mismatch	seg009p3:lbx_seek	seg009p3:lbx_seek	yes	no	no	no	41	41	28	28
mismatch	seg009p4:lbx_lof	seg009p4:lbx_lof	yes	no	no	no	41	41	27	27
mismatch	seg009p5:lbx_read_sgmt	seg009p5:lbx_read_sgmt	yes	no	no	yes	45	45	31	31
mismatch	seg009p6:lbx_read_ofst	seg009p6:lbx_read_ofst	yes	no	no	no	40	40	30	29
mismatch	seg009p7:_fstrcpy	seg009p7:_fstrcpy	yes	no	no	yes	57	57	34	34
mismatch	seg010p1:LBX_Load	seg010p1:LBX_Load	yes	no	no	no	28	28	18	18
mismatch	seg010p2:LBX_Reload	seg010p2:LBX_Reload	yes	no	no	no	29	29	18	18
mismatch	seg010p3:LBX_Reload_Next	seg010p3:LBX_Reload_Next	yes	no	no	yes	29	29	18	18
mismatch	seg010p4:LBX_Load_Data	seg010p4:LBX_Load_Data	yes	no	no	no	34	34	22	22
mismatch	seg010p5:RP_LBXR_LoadReplace	seg010p5:UU_LBXR_LoadReplace	yes	no	no	yes	35	35	22	22
mismatch	seg010p6:RP_LBXR_LoadAppend	seg010p6:UU_LBXR_LoadAppend	yes	no	no	yes	35	35	22	22
mismatch	seg010p7:UU_LBXE_LoadSingle2	seg010p7:UU_LBXE_LoadSingle2	yes	no	no	yes	29	29	18	18
mismatch	seg010p8:UU_LBXE_LoadReplace2	seg010p8:UU_LBXE_LoadReplace2	yes	no	no	yes	30	30	18	18
mismatch	seg010p9:UU_LBXE_LoadAppend2	seg010p9:UU_LBXE_LoadAppend2	yes	no	no	yes	30	30	18	18
mismatch	seg010p10:LBX_Load_Library	seg010p10:LBX_Load_Entry	yes	no	no	no	1046	1046	437	436
mismatch	seg010p11:LBX_Load_Record	seg010p11:LBX_Load_Library_Data	yes	no	no	no	1224	1224	510	511
mismatch	seg010p12:LBX_Load_Data_Static	seg010p12:LBX_Load_Data_Static	yes	no	no	yes	815	815	347	347
mismatch	seg010p13:LBX_GetEntryData	seg010p13:LBX_Get_Entry_Data	yes	no	no	no	537	537	230	228
mismatch	seg010p14:Set_Alternate_Path	seg010p14:Set_Alternate_Path	yes	no	no	no	19	19	11	11
mismatch	seg010p15:Error_Handler	seg010p15:Error_Handler	yes	no	no	no	415	415	182	183
mismatch	seg010p16:File_Name_Base	seg010p16:File_Name_Base	yes	no	no	no	61	61	31	31
mismatch	seg010p17:RAM_Set_Minimum	seg010p17:RAM_Set_Minimum	yes	no	no	yes	11	11	7	7
mismatch	seg011p1:gfopen	seg011p1:gfopen	yes	no	no	no	119	119	58	59
mismatch	seg011p2:gfread	seg011p2:gfread	yes	no	no	no	47	47	23	24
mismatch	seg011p3:gfwrite	seg011p3:gfwrite	yes	no	no	no	47	47	24	24
mismatch	seg011p4:gfseek	seg011p4:gfseek	yes	no	no	no	22	22	13	13
mismatch	seg011p5:gfclose	seg011p5:gfclose	yes	no	no	yes	13	13	7	7
mismatch	seg012p1:EMM_Detect_Device	seg012p1:EMM_Detect_Device	yes	no	no	yes	88	88	45	45
mismatch	seg012p2:EMM_GetActiveHandleCount	seg012p2:EMM_Number_Of_Handles	yes	no	no	yes	28	28	20	20
mismatch	seg012p3:EMM_GetFreePageCount	seg012p3:EMM_Get_Free_Page_Count	yes	no	no	yes	28	28	20	20
mismatch	seg012p4:EMS_GetHandlePageCount	seg012p4:EMM_GetPageCount	yes	no	no	yes	36	36	26	26
mismatch	seg012p5:EMS_MakeNamedHandle	seg012p5:EMM_MakeNamedHandle	yes	no	no	yes	60	60	37	37
mismatch	seg012p6:EMS_GetHandleName	seg012p6:EMM_Get_Handle_Name	yes	no	no	no	54	54	34	34
mismatch	seg012p7:EMM_ReleaseHandle	seg012p7:EMM_Release_Handle	yes	no	no	no	26	26	18	18
mismatch	seg012p8:EMM_MapnRead	seg012p8:EMM_MapnRead	yes	no	no	no	127	127	63	62
mismatch	seg012p9:EMM_MapnWrite	seg012p9:EMM_MapnWrite	yes	no	no	no	127	127	63	61
mismatch	seg012p10:EMM_GetPageFrame	seg012p10:EMM_Get_Page_Frame	yes	no	yes	yes	11	11	6	6
mismatch	seg012p11:EMM_Map4	seg012p11:EMM_MapFourPages	yes	no	no	no	59	59	32	32
mismatch	seg012p12:EMM_MapMulti4	seg012p12:EMM_MapMulti4	yes	no	no	no	59	59	34	34
mismatch	seg013p1:EMM_Startup	seg013p1:EMM_Startup	yes	no	no	no	431	431	179	180
mismatch	seg013p2:UU_EMM_Load_LBX_0	seg013p2:EMM_Load_LBX_File_0	yes	no	no	no	18	18	13	13
mismatch	seg013p3:EMM_Load_LBX_File_1	seg013p3:EMM_Load_LBX_File_1	yes	no	no	no	19	19	13	13
mismatch	seg013p4:EMM_Load_LBX_File	seg013p4:EMM_Load_LBX_File	yes	no	no	no	532	532	209	209
mismatch	seg013p5:UU_EMM_LoadLBX2Hnd	seg013p5:RP_EMM_LoadLBX2Hnd	yes	no	yes	yes	25	25	16	16
mismatch	seg013p6:UU_EMM_LoadLBX2Hnd2	seg013p6:RP_EMM_LoadLBX2Hnd2	yes	no	yes	yes	26	26	16	16
mismatch	seg013p7:UU_EMM_LoadLBX_Fail	seg013p7:UU_EMM_LoadLBX_Fail	yes	no	no	no	483	483	197	198
mismatch	seg013p8:UU_EMM_CustLoadLBX	seg013p8:UU_EMM_CustLoadLBX	yes	no	no	yes	37	37	22	22
mismatch	seg013p10:UU_EMM_CustomLBXLoad	seg013p10:UU_EMM_CustomLBXLoad	yes	no	no	yes	551	551	222	222
mismatch	seg013p11:EMM_LBX_Load_Entry	seg013p11:EMM_LBX_EntryLoader	yes	no	no	no	670	670	285	280
mismatch	seg013p12:EMM_LBX_Load_FLIC_Header	seg013p12:EMM_LBX_Load_Picture_Header	yes	no	no	no	513	513	217	215
mismatch	seg013p13:EMM_LBX_Load_Record	seg013p13:EMM_LBX_RecLoader	yes	no	no	no	706	706	307	305
mismatch	seg013p14:EMM_LBXR_DirectLoad	seg013p14:EMM_LBXR_DirectLoad	yes	no	no	no	425	425	196	193
mismatch	seg013p15:EMM_CheckHandleOpen	seg013p15:EMM_CheckHandleOpen	yes	no	no	no	85	85	42	42
mismatch	seg013p16:EMM_ReleaseAll__STUB	seg013p16:EMM_Release_All	yes	no	no	no	54	54	23	24
mismatch	seg013p17:EMM_Release_Resd	seg013p17:EMM_Release_Resd	yes	no	no	yes	53	53	24	24
mismatch	seg013p18:UU_EMM_ReleaseHnd	seg013p18:UU_EMM_ReleaseHnd	yes	no	no	yes	235	235	110	110
mismatch	seg013p19:UU_Get_EMM_OK	seg013p19:UU_EMM_Available	yes	no	no	yes	10	10	6	6
mismatch	seg013p20:EMM_Get_Handle	seg013p20:EMM_Get_Handle	yes	no	no	no	573	573	248	248
mismatch	seg013p21:UU_EMM_VGAWrite_fP5	seg013p21:RP_EMM_VGAWrite_fP5	yes	no	no	yes	34	34	17	17
mismatch	seg013p22:UU_EMM_VGARead_fP5	seg013p22:RP_EMM_VGARead_fP5	yes	no	no	yes	34	34	17	17
mismatch	seg013p23:UU_EMM_VGAWrite_P5	seg013p23:RP_EMM_VGAWrite_P5	yes	no	yes	yes	43	43	21	21
mismatch	seg013p24:UU_EMM_VGARead_P5	seg013p24:RP_EMM_VGARead_P5	yes	no	yes	yes	43	43	21	21
mismatch	seg013p25:EMM_Map4_EMMDATAH	seg013p25:EMMDATAH_Map	yes	no	no	yes	19	19	10	10
mismatch	seg013p26:EMM_EMMDATAH_AllocFirst	seg013p26:EMMDATAH_Allocate_First	yes	no	no	no	170	170	77	77
mismatch	seg013p27:EMM_EMMDATAH_AllocNext	seg013p27:EMMDATAH_Allocate_Next	yes	no	no	no	168	168	78	78
mismatch	seg013p28:UU_EMM_Data_Mark	seg013p28:EMMDATAH_Save_Last_Offset	yes	no	no	yes	11	11	6	6
mismatch	seg013p29:UU_EMM_Data_Undo	seg013p29:EMMDATAH_Restore_Last_Offset	yes	no	no	yes	11	11	6	6
mismatch	seg013p30:RP_EMM_LBX_Load2Hnd	seg013p30:UU_EMM_LBX_Load2Hnd	yes	no	no	no	355	355	143	144
mismatch	seg013p31:EMM_Set_Minimum	seg013p31:EMM_Set_Minimum	yes	no	no	no	11	11	7	7
mismatch	seg013p32:EMS_BuildEmsErrStr	seg013p32:EMM_Error_Message	yes	no	no	no	71	71	37	37
mismatch	seg014p1:Init_Drivers	seg014p1:Init_Drivers	yes	no	no	no	157	157	78	78
mismatch	seg014p2:UU_Legacy_Startup	seg014p2:UU_Legacy_Startup	yes	no	no	no	90	90	45	46
mismatch	seg014p3:Load_Font_File	seg014p3:Load_Font_File	yes	no	no	no	200	200	86	86
mismatch	seg014p4:Set_Window	seg014p4:Set_Window	yes	no	no	no	87	87	42	47
mismatch	seg014p5:Reset_Window	seg014p5:Reset_Window	yes	no	no	yes	29	29	8	8
mismatch	seg014p6:VGA_WndDrawFilldRect	seg014p6:Clipped_Fill	yes	no	no	no	124	124	53	55
mismatch	seg014p7:UU_VGA_WndPutPixel	seg014p7:Clipped_Dot	yes	no	no	no	62	62	31	33
mismatch	seg014p8:VGA_WndDrawLine	seg014p8:Clipped_Line	yes	no	no	no	40	40	26	26
mismatch	seg014p9:UU_VGA_WndDrawPtrnLine	seg014p9:Clipped_Multi_Colored_Line	yes	no	no	no	41	41	26	26
mismatch	seg014p10:VGA_WndDrawLineBase	seg014p10:Clipped_Line_Base	yes	no	no	no	710	710	296	298
mismatch	seg014p11:UU_VGA_DrawBiColorRect	seg014p11:UU_Interlaced_Fill	yes	no	no	no	97	97	48	50
mismatch	seg014p12:UU_VGA_DrawRect	seg014p12:UU_VGA_DrawRect	yes	no	no	yes	120	120	59	59
mismatch	seg014p13:UU_VGA_WndDrawRect	seg014p13:UU_VGA_WndDrawRect	yes	no	no	yes	116	116	63	63
mismatch	seg014p14:VGA_DrawDblRect	seg014p14:UU_VGA_DrawDblRect	yes	no	no	no	187	187	86	86
mismatch	seg014p15:Gradient_Fill	seg014p15:Gradient_Fill	yes	no	no	no	183	183	82	84
mismatch	seg014p16:DOS_PrintString__STUB	seg014p16:DOS_PrintString__STUB	yes	no	no	no	17	17	11	12
mismatch	seg015p1:Set_Video_Mode	seg015p1:Set_Video_Mode	yes	no	no	yes	68	68	43	43
mismatch	seg016p1:Fill	seg016p1:Fill	yes	no	no	no	260	260	130	130
mismatch	seg016p2:Dot	seg016p2:Dot	yes	no	no	no	58	58	33	33
mismatch	seg016p3:Line	seg016p3:Line	yes	no	no	no	265	265	126	128
mismatch	seg016p4:Multi_Colored_Line	seg016p4:Multi_Colored_Line	yes	no	no	no	290	290	141	142
mismatch	seg016p5:UU_VGA_CreateColorWave	seg016p5:UU_VGA_CreateColorWave	yes	no	yes	yes	55	55	30	30
mismatch	seg016p6:RP_VGA_DiagColumns	seg016p6:UU_VGA_DiagColumns	yes	no	no	yes	269	269	132	132
mismatch	seg016p7:RNG_Direct_LFSR	seg016p7:rnd_bitfiddle__1oom	yes	no	yes	yes	56	56	30	30
mismatch	seg016p8:VGA_Shade_Rect	seg016p8:Tint_Fill	yes	no	no	no	509	509	212	212
mismatch	seg016p9:VGA_Grayscale_Rect	seg016p9:Gray_Scale_Fill	yes	no	no	no	557	557	237	237
mismatch	seg016p10:RP_VGA_Columns	seg016p10:UU_VGA_Columns	yes	no	no	yes	234	234	117	117
mismatch	seg016p11:RP_VGA_ScrambleRect	seg016p11:UU_VGA_ScrambleRect	yes	no	no	yes	372	372	185	185
mismatch	seg017p1:Set_Font_Style_Shadow_Down	seg017p1:Set_Font_Style_Shadow_Down	yes	no	no	no	45	45	21	21
mismatch	seg017p2:VGA_SetFont_Style2	seg017p2:Set_Font_Style_Shadow_Up	yes	no	no	no	45	45	21	21
mismatch	seg017p3:UU_VGA_SetFont_Style3	seg017p3:Set_Font_Style_Shadow_Heavy	yes	no	no	no	45	45	21	21
mismatch	seg017p4:UU_VGA_SetFont_Style4	seg017p4:Set_Font_Style_Outline	yes	no	no	no	45	45	21	21
mismatch	seg017p5:UU_VGA_SetFont_Style5	seg017p5:Set_Font_Style_Outline_Heavy	yes	no	no	no	45	45	21	21
mismatch	seg017p7:Set_Font_LF	seg017p7:Set_Font_LF	yes	no	no	yes	40	40	18	18
mismatch	seg017p8:UU_VGA_SetSpaceWidth	seg017p8:Set_Font_Spacing_Width	yes	no	no	no	24	24	11	11
mismatch	seg017p9:UU_VGA_SetHorzSpacing	seg017p9:Set_Font_Spacing	yes	no	no	no	24	24	11	11
mismatch	seg017p10:UU_VGA_BotchedFColor	seg017p10:Set_Font_Highlight_Colors	yes	no	no	no	43	43	23	24
mismatch	seg017p11:Set_Font_Colors_15	seg017p11:Set_Font_Colors_15	yes	no	no	no	68	68	34	35
mismatch	seg017p12:VGA_SetAAColor	seg017p12:Set_Alias_Color	yes	no	no	no	119	119	51	53
mismatch	seg017p13:VGA_SaveAAColors	seg017p13:Save_Alias_Colors	yes	no	no	no	110	110	48	49
mismatch	seg017p14:VGA_RestoreAAColors	seg017p14:Restore_Alias_Colors	yes	no	no	no	125	125	53	54
mismatch	seg017p15:Print_Far	seg017p15:Print_Far	yes	no	no	no	44	44	25	24
mismatch	seg017p16:UU_VGA_DrawCenteredFar	seg017p16:Print_Centered_Far	yes	no	no	no	44	44	24	24
mismatch	seg017p17:UU_VGA_DrawRtAlgFar	seg017p17:Print_Right_Far	yes	no	no	no	44	44	24	24
mismatch	seg017p18:UU_VGA_WndDrawFarString	seg017p18:Clipped_Print_Far	yes	no	no	no	44	44	24	24
mismatch	seg017p19:UU_VGA_WndDrawCntrdFar	seg017p19:Clipped_Print_Centered_Far	yes	no	no	no	44	44	24	24
mismatch	seg017p20:UU_VGA_WndDrawRtAlgFar	seg017p20:Clipped_Print_Right_Far	yes	no	no	no	44	44	24	24
mismatch	seg017p21:UU_VGA_DrawNumber	seg017p21:Print_Integer	yes	no	no	no	55	55	29	29
mismatch	seg017p22:UU_VGA_DrawLongNumber	seg017p22:Print_Long	yes	no	no	no	58	58	30	30
mismatch	seg017p23:Print_Right	seg017p23:Print_Right	yes	no	no	no	53	53	31	32
mismatch	seg017p24:Print_Centered	seg017p24:Print_Centered	yes	no	no	no	59	59	34	35
mismatch	seg017p25:Print_Integer_Right	seg017p25:Print_Integer_Right	yes	no	no	no	54	54	28	28
mismatch	seg017p26:UU_VGA_DrawCntrdNumber	seg017p26:Print_Integer_Centered	yes	no	no	no	54	54	28	28
mismatch	seg017p27:UU_VGA_DrawRtAlgLongN	seg017p27:Print_Long_Right	yes	no	no	no	57	57	29	29
mismatch	seg017p28:UU_VGA_WndDrawNumber	seg017p28:Clipped_Print_Integer	yes	no	no	no	55	55	29	29
mismatch	seg017p29:UU_VGA_WndDrawLongN	seg017p29:Clipped_Print_Long	yes	no	no	no	58	58	30	30
mismatch	seg017p30:UU_VGA_WndDrawRtAligned	seg017p30:Clipped_Print_Right	yes	no	no	no	53	53	31	32
mismatch	seg017p31:UU_VGA_WndDrawCentered	seg017p31:Clipped_Print_Centered	yes	no	no	no	59	59	34	35
mismatch	seg017p32:UU_VGA_WndDrawRtAlgNum	seg017p32:Clipped_Print_Integer_Right	yes	no	no	no	54	54	28	28
mismatch	seg017p33:UU_VGA_WndDrawRtAlgLong	seg017p33:Clipped_Print_Long_Right	yes	no	no	no	57	57	29	29
mismatch	seg017p34:VGA_DrawJustified	seg017p34:Print_Full	yes	no	no	no	34	34	22	23
mismatch	seg017p35:Print	seg017p35:Print	yes	no	no	no	25	25	16	16
mismatch	seg017p36:Print_Display	seg017p36:Print_Display	yes	no	no	no	497	497	245	247
mismatch	seg017p37:VGA_DrawString	seg017p37:Print_String	yes	no	no	no	419	419	171	173
mismatch	seg017p38:UU_VGA_DisableAAPixels	seg017p38:No_Print_Alias	yes	no	no	yes	11	11	5	5
mismatch	seg017p39:FNT_FontColorSelect_0	seg017p39:Set_Normal_Colors_On	yes	no	no	yes	14	14	10	10
mismatch	seg017p40:FNT_FontColorSelect_0or1	seg017p40:Set_Highlight_Colors_On	yes	no	no	yes	39	39	20	20
mismatch	seg017p41:FNT_FontColorSelect_0or2	seg017p41:Set_Special_Colors_On	yes	no	no	yes	39	39	20	20
mismatch	seg017p42:FNT_FontColorSelect	seg017p42:Set_Color_Set	yes	no	no	no	89	89	42	43
mismatch	seg017p43:UU_DBG_TblDrawValue	seg017p43:PSTRM	yes	no	no	no	157	157	79	81
mismatch	seg017p44:UU_DBG_TblCellWrapper	seg017p44:Disp_PSTR_Wrapper	yes	no	no	no	36	36	19	19
mismatch	seg017p45:UU_DBG_TblDrawString	seg017p45:PSTRS	yes	no	no	no	58	58	28	28
mismatch	seg017p46:UU_DBG_TblDrawS16	seg017p46:PSTR	yes	no	no	no	61	61	30	30
mismatch	seg017p47:UU_DBG_TblDrawS32	seg017p47:PSTRL	yes	no	no	no	64	64	31	31
mismatch	seg017p48:UU_DBG_TblDrawU32	seg017p48:PSTRU	yes	no	no	no	75	75	35	35
mismatch	seg017p49:UU_DBG_DrawTableCell	seg017p49:Disp_PSTR	yes	no	no	no	328	328	152	154
mismatch	seg017p50:UU_VGA_WndDrawSString	seg017p50:Clipped_Print	yes	no	no	no	442	442	227	229
mismatch	seg017p51:UU_VGA_WndDrawString	seg017p51:Clipped_Print_String	yes	no	no	no	245	245	109	111
mismatch	seg017p52:UU_VGA_WndDrawChar	seg017p52:Clipped_Print_Character	yes	no	no	no	290	290	121	123
mismatch	seg017p53:VGA_GetFontIndex	seg017p53:Get_Current_Font_Style	yes	no	no	yes	21	21	11	11
mismatch	seg017p54:VGA_GetFontColor1	seg017p54:Get_Current_Normal_Color	yes	no	no	yes	21	21	11	11
mismatch	seg017p55:VGA_GetFontColor2	seg017p55:Get_Current_Highlight_Color	yes	no	no	yes	21	21	11	11
mismatch	seg017p56:UU_VGA_GetFontColor3	seg017p56:Get_Current_Special_Color	yes	no	no	yes	21	21	11	11
mismatch	seg017p57:UU_STR_CopyToNearLBX	seg017p57:String_Copy_Far_To_Near	yes	no	no	no	29	29	16	16
mismatch	seg017p58:VGA_GetVertSpacing	seg017p58:Get_Font_Vertical_Spacing	yes	no	no	no	52	52	25	25
mismatch	seg017p59:Trim	seg017p59:Trim	yes	no	no	no	95	95	45	46
mismatch	seg017p60:Print_To_Bitmap	seg017p60:Print_To_Bitmap	yes	no	no	no	28	28	18	18
mismatch	seg017p61:Print_Display_To_Bitmap	seg017p61:Print_Display_To_Bitmap	yes	no	no	no	526	526	257	259
mismatch	seg017p62:Print_String_To_Bitmap	seg017p62:Print_String_To_Bitmap	yes	no	no	no	392	392	162	164
mismatch	seg017p63:UU_LBX_DrawRightAligned	seg017p63:Print_Right_To_Bitmap	yes	no	no	no	55	55	32	33
mismatch	seg017p64:UU_LBX_DrawCentered	seg017p64:Print_Centered_To_Bitmap	yes	no	no	no	61	61	35	36
mismatch	seg017p65:UU_LBX_DrawJustified	seg017p65:Print_Full_To_Bitmap	yes	no	no	no	36	36	23	24
mismatch	seg017p66:UU_LBX_DrawFarString	seg017p66:Print_To_Bitmap_Far	yes	no	no	no	46	46	25	25
mismatch	seg017p67:UU_LBX_DrawRtAlgFar	seg017p67:UU_Print_Right_To_Bitmap_Far	yes	no	no	yes	46	46	25	25
mismatch	seg017p68:UU_LBX_DrawCenteredFar	seg017p68:UU_Print_Centered_To_Bitmap_Far	yes	no	no	no	46	46	25	25
mismatch	seg017p69:UU_LBX_DrawJustifiedFar	seg017p69:UU_Print_Full_To_Bitmap_Far	yes	no	no	yes	49	49	27	27
mismatch	seg018p1:Set_Font_Style	seg018p1:Set_Font_Style	yes	no	no	no	326	326	135	135
mismatch	seg018p2:Print_Character	seg018p2:Print_Character	yes	no	no	yes	116	116	56	56
mismatch	seg018p3:VGA_DrawChar_NoAA	seg018p3:Print_Character_No_Alias	yes	no	no	no	116	116	56	56
mismatch	seg018p4:LBX_DrawGlyph	seg018p4:Print_Character_To_Bitmap	yes	no	no	no	175	175	76	78
mismatch	seg018p5:Print_Character_ASM_	seg018p5:Print_Character_ASM_	yes	no	no	no	126	126	60	62
mismatch	seg018p6:VGA_DrawGlyph_NoAA	seg018p6:Print_Character_No_Alias_ASM_	yes	no	no	no	135	135	64	66
mismatch	seg018p7:Get_String_Width	seg018p7:Get_String_Width	yes	no	no	no	85	85	46	48
mismatch	seg018p8:VGA_DrawPartialChar	seg018p8:Print_Clipped_Character	yes	no	no	no	84	84	49	49
mismatch	seg018p9:VGA_DrawPartialGlyph	seg018p9:Print_Clipped_Letter	yes	no	no	no	190	190	83	84
mismatch	seg019p1:Print_Paragraph	seg019p1:Print_Paragraph	yes	no	no	no	395	395	165	167
mismatch	seg019p2:UU_VGA_WndDrawText	seg019p2:UU_VGA_WndDrawText	yes	no	no	yes	256	256	112	112
mismatch	seg019p3:UU_GUI_CreateHelpLinks	seg019p3:UU_GUI_CreateHelpLinks	yes	no	no	no	779	779	320	321
mismatch	seg019p4:VGA_TextSetup	seg019p4:Mark_Paragraph	yes	no	no	no	816	816	320	322
mismatch	seg019p5:VGA_GetTextHeight	seg019p5:Get_Paragraph_Max_Height	yes	no	no	no	94	94	48	49
mismatch	seg019p6:VGA_GetTextWidth	seg019p6:Get_Paragraph_Max_Width	yes	no	no	no	293	293	131	133
mismatch	seg019p7:UU_VGA_ResetFltBlocks	seg019p7:Reset_Paragraph_Exclusions	yes	no	no	yes	11	11	5	5
mismatch	seg019p8:UU_VGA_AddFloatingBlock	seg019p8:Set_Paragraph_Exclusion_Area	yes	no	no	no	68	68	27	27
mismatch	seg019p9:UU_VGA_AddFltIMGSpace	seg019p9:UU_Set_Paragraph_Exclusion_Picture	yes	no	no	no	116	116	52	52
mismatch	seg019p10:STR_RemoveLBSPs	seg019p10:Remove_Paragraph_Marks	yes	no	no	no	38	38	20	22
mismatch	seg019p11:VGA_GetFontHeight	seg019p11:Get_Font_Height	yes	no	no	yes	33	33	16	16
mismatch	seg019p12:UU_VGA_WidestGlyph	seg019p12:UU_VGA_WidestGlyph	yes	no	no	yes	75	75	37	37
mismatch	seg019p13:UU_LBX_DrawText	seg019p13:Print_Paragraph_To_Bitmap	yes	no	no	no	408	408	169	171
mismatch	seg019p14:VGA_TextDraw_Init	seg019p14:VGA_TextDraw_Init	yes	no	no	yes	117	117	47	47
mismatch	seg020p1:Load_Palette	seg020p1:Load_Palette	yes	no	no	yes	226	226	105	105
mismatch	seg020p2:UU_VGA_ResetShade0	seg020p2:Update_Remap_Gray_Palette	yes	no	no	yes	29	29	16	16
mismatch	seg020p3:VGA_SetShades_Grey0	seg020p3:Calculate_Remap_Colors	yes	no	no	no	126	126	62	64
mismatch	seg020p4:UU_VGA_SetShades_Range	seg020p4:Update_Remap_Color_Range	yes	no	no	no	160	160	77	79
mismatch	seg020p5:Set_Palette_Changes	seg020p5:Set_Palette_Changes	yes	no	no	no	35	35	19	20
mismatch	seg020p6:Clear_Palette_Changes	seg020p6:Clear_Palette_Changes	yes	no	no	no	34	34	19	20
mismatch	seg020p7:UU_PAL_ClearPalette	seg020p7:NX_VGA_ClearDAC	yes	no	no	yes	53	53	31	31
mismatch	seg020p8:UU_PAL_SavePalette	seg020p8:NX_VGA_SaveDAC	yes	no	no	yes	31	31	14	14
mismatch	seg020p9:UU_PAL_RestorePalette	seg020p9:NX_VGA_RestoreDAC	yes	no	no	yes	44	44	22	22
mismatch	seg020p10:UU_Set_Palette_Colors	seg020p10:NX_VGA_LoadDAC	yes	no	yes	yes	72	72	40	40
mismatch	seg020p11:UU_Reset_Cycle_Palette_Color	seg020p11:Reset_Cycle_Palette_Color	yes	no	no	yes	11	11	5	5
mismatch	seg020p12:UU_Cycle_Palette_Color	seg020p12:Cycle_Palette_Color__STUB	yes	no	no	no	460	460	194	196
mismatch	seg020p13:UU_Update_Cycle	seg020p13:Update_Cycle	yes	no	no	no	148	148	59	61
mismatch	seg020p14:UU_Set_Palette_Gradient	seg020p14:NX_VGA_CreateHues	yes	no	no	no	184	184	92	94
mismatch	seg021p1:Apply_Palette	seg021p1:Apply_Palette	yes	no	no	no	96	96	52	53
mismatch	seg021p2:Cycle_Palette	seg021p2:Cycle_Palette	yes	no	no	no	228	228	122	117
mismatch	seg021p3:UU_VGA_ShadeScreen	seg021p3:Tint_Palette	yes	no	no	yes	310	310	147	147
mismatch	seg021p4:UU_VGA_SlideColors	seg021p4:VGA_SlideColors__STUB	yes	no	no	yes	210	210	101	101
mismatch	seg021p5:UU_VGA_ColorWave	seg021p5:NX_VGA_ColorWave	yes	no	no	yes	149	149	75	75
mismatch	seg021p6:VGA_ShadeColorMatch	seg021p6:Create_Remap_Palette	yes	no	no	no	560	560	223	224
mismatch	seg021p7:FLIC_Load_Palette	seg021p7:FLIC_Load_Palette	yes	no	no	no	181	181	92	93
mismatch	seg022p1:UU_VGA_Bleep	seg022p1:UU_VGA_Bleep	yes	no	no	yes	12	12	7	7
mismatch	seg022p2:UU_KBD_GetKey	seg022p2:UU_KBD_GetKey	yes	no	no	yes	9	9	6	6
mismatch	seg022p3:UU_Clock_Wait30	seg022p3:UU_Clock_Wait30	yes	no	no	yes	20	20	9	9
mismatch	seg022p6:Get_Random_Seed	seg022p6:Get_Random_Seed	yes	no	no	yes	36	36	16	16
mismatch	seg022p7:Randomize	seg022p7:Randomize	yes	no	no	no	43	43	19	20
mismatch	seg022p8:Random	seg022p8:Random	yes	no	no	yes	144	144	69	69
mismatch	seg022p9:String_To_Upper	seg022p9:String_To_Upper	yes	no	no	no	54	54	28	30
mismatch	seg022p10:String_To_Lower	seg022p10:String_To_Lower	yes	no	no	no	54	54	28	30
mismatch	seg022p11:RP_MEM_Copy	seg022p11:Copy_Memory_Near	yes	no	no	no	40	40	27	27
mismatch	seg022p12:RP_MEM_CopyIfLess	seg022p12:UU_MEM_CopyIfLess	yes	no	no	no	49	49	33	33
mismatch	seg022p13:RP_MEM_Clear_Near	seg022p13:UU_MEM_Clear_Near	yes	no	yes	yes	39	39	26	26
mismatch	seg022p14:RP_MEM_Set_Near	seg022p14:UU_MEM_Set_Near	yes	no	yes	yes	40	40	27	27
mismatch	seg022p15:RP_MEM_PullRecord	seg022p15:Clear_Structure	yes	no	no	no	118	118	65	65
mismatch	seg022p16:RP_MEM_PullDynRecord	seg022p16:Delete_Structure	yes	no	no	no	97	97	54	55
mismatch	seg022p17:RP_MEM_CopyIfLess_Far	seg022p17:Copy_Memory_Less	yes	no	no	no	79	79	45	45
mismatch	seg022p18:RP_MEM_Clear_Far	seg022p18:Clear_Memory	yes	no	no	no	55	55	33	33
mismatch	seg022p19:RP_MEM_Set_Far	seg022p19:Set_Memory	yes	no	no	no	56	56	34	34
mismatch	seg022p20:RP_MEM_SwapWord	seg022p20:Swap_Short	yes	no	no	no	34	34	21	21
mismatch	seg022p21:RP_MEM_SwapBytes	seg022p21:MEM_SwapBytes	yes	no	no	no	51	51	33	33
mismatch	seg022p22:_fmemcpy	seg022p22:_fmemcpy	yes	no	no	no	110	110	61	59
mismatch	seg022p23:RP_MEM_TestBit_Far	seg022p23:Test_Bit_Field	yes	no	no	no	45	45	23	23
mismatch	seg022p24:RP_MEM_SetBit_Far	seg022p24:Set_Bit_Field	yes	no	no	no	45	45	23	23
mismatch	seg022p25:RP_MEM_ClearBit_Far	seg022p25:Clear_Bit_Field	yes	no	no	no	51	51	27	27
mismatch	seg022p26:RP_MEM_TestBit_Near	seg022p26:MEM_TestBit_Near	yes	no	yes	yes	55	55	30	30
mismatch	seg022p27:UU_MEM_SetBit_Near	seg022p27:Set_Bit_Field_Near	yes	no	no	yes	42	42	22	22
mismatch	seg022p28:UU_MEM_ClearBit_Near	seg022p28:UU_MEM_ClearBit_Near	yes	no	yes	yes	42	42	22	22
mismatch	seg022p30:UU_DBG_SelectDialog	seg022p30:UU_DBG_SelectDialog	yes	no	no	no	600	600	240	242
mismatch	seg022p31:UU_VGA_GrowOutFlip	seg022p31:Draw_Expanding_Bitmap	yes	no	no	no	392	392	174	176
mismatch	seg022p32:PageFlip_GrowOut_CopyScreen	seg022p32:Copy_Screen_To_Bitmap	yes	no	no	yes	73	73	45	45
mismatch	seg023p1:UU_VGA_GetPointInDir	seg023p1:UU_VGA_GetPointInDir	yes	no	no	yes	251	251	115	115
mismatch	seg023p2:Range	seg023p2:Range	yes	no	no	no	75	75	43	47
mismatch	seg023p3:Delta_XY_With_Wrap	seg023p3:Delta_XY_With_Wrap	yes	no	no	no	97	97	54	59
mismatch	seg023p4:UU_Tile_PlotLine	seg023p4:Path	yes	no	no	no	385	385	163	164
mismatch	seg023p5:Path_Wrap	seg023p5:Path_Wrap	yes	no	no	no	572	572	242	244
mismatch	seg024p1:DBG_Quit	seg024p1:F11_Key__WIP	yes	no	no	yes	21	21	9	9
mismatch	seg024p2:DBG_ScreenDump	seg024p2:Screen_Flic_Capture	yes	no	no	no	1027	1027	409	411
mismatch	seg024p3:VGA_GetDACBlock	seg024p3:VGA_GetDACBlock	yes	no	no	no	41	41	23	23
mismatch	seg024p4:VGA_ReadScreenLine	seg024p4:VGA_ReadScreenLine	yes	no	no	no	91	91	60	61
mismatch	seg024p5:Release_Version	seg024p5:Release_Version	yes	no	no	yes	11	11	5	5
mismatch	seg024p6:Check_Release_Version	seg024p6:Check_Release_Version	yes	no	no	yes	10	10	6	6
mismatch	seg024p7:UU_VGA_SaveDrawSection	seg024p7:Screen_Picture_Capture	yes	no	no	no	90	90	48	50
mismatch	seg024p8:UU_VGA_CopyToLBX	seg024p8:Capture_Screen_Block	yes	no	no	no	134	134	79	80
mismatch	seg025p1:VGA_FILEH_Draw	seg025p1:Draw_File_Animation_Frame_ASM	yes	no	no	no	455	455	227	227
mismatch	seg025p2:VGA_MapNextEMMPage	seg025p2:Map_File_Animation_Frame_ASM	yes	no	no	yes	47	47	16	16
mismatch	seg025p3:VGA_FILEH_Draw_R	seg025p3:Remap_Draw_File_Animation_Frame_ASM	yes	no	no	no	487	487	236	235
mismatch	seg026p1:Set_Page_On	seg028p1:Set_Page_On	yes	no	no	yes	18	18	8	8
mismatch	seg026p2:Set_Page_Off	seg028p2:Set_Page_Off	yes	no	no	yes	22	22	9	9
mismatch	seg026p3:Check_Default_Video_Page	seg028p3:Check_Default_Video_Page	yes	no	no	yes	15	15	7	7
mismatch	seg026p4:Page_Flip	seg028p4:Page_Flip	yes	no	no	yes	52	52	28	28
mismatch	seg026p5:Copy_On_To_Off_Page	seg028p5:Copy_On_To_Off_Page	yes	no	no	yes	34	34	23	23
mismatch	seg026p6:Copy_On_To_Off_YM	seg028p6:Copy_On_To_Off_YM	yes	no	no	no	198	198	82	82
mismatch	seg026p7:Copy_On_To_Off_NM	seg028p7:Copy_On_To_Off_NM	yes	no	no	yes	79	79	40	40
mismatch	seg026p8:Copy_Off_To_Back	seg028p8:Copy_Off_To_Back	yes	no	no	yes	67	67	37	37
mismatch	seg026p9:Copy_Back_To_Off	seg028p9:Copy_Back_To_Off	yes	no	no	yes	67	67	37	37
mismatch	seg026p10:VGA_SaveDraw_Frame4	seg028p10:Copy_Off_To_Page4	yes	no	no	yes	67	67	37	37
mismatch	seg026p11:VGA_LoadDraw_Frame4	seg028p11:Copy_Page4_To_Off	yes	no	no	yes	67	67	37	37
mismatch	seg026p12:UU_VGA_CopyToDraw	seg028p12:UU_VGA_CopyToDraw	yes	no	no	yes	68	68	39	39
mismatch	seg027p1:FLIC_Draw_Frame	seg029p1:Draw_Frame_ASM	yes	no	no	no	256	256	141	142
mismatch	seg027p2:FLIC_Remap_Draw_Frame	seg029p2:Remap_Draw_Frame_ASM	no	no	no	no	492	486	254	244
mismatch	seg027p3:FLIC_Draw_EMM	seg029p3:EMM_Draw_Frame_ASM	yes	no	no	no	451	451	223	223
mismatch	seg027p4:FLIC_EMM_MapNextPages	seg029p4:Map_Frame_ASM	yes	no	no	yes	39	39	16	16
mismatch	seg027p5:FLIC_Draw_Frame_EMM_Remap	seg029p5:EMM_Remap_Draw_Frame_ASM	no	no	no	no	489	487	239	234
mismatch	seg028p1:UU_LBX_Image_Copy	seg030p1:Copy_Bitmap_To_Bitmap	yes	no	no	no	71	71	39	41
mismatch	seg028p2:Create_Picture	seg030p2:Create_Picture	yes	no	no	no	132	132	61	62
mismatch	seg028p3:UU_LBX_IMG_VShiftRect	seg030p3:LBX_IMG_VShiftRect	yes	no	no	no	515	515	225	227
mismatch	seg028p4:UU_LBX_IMG_VertWarp	seg030p4:LBX_IMG_VertWarp	yes	no	no	yes	337	337	148	148
mismatch	seg028p5:UU_LBX_IMG_HorzWarp	seg030p5:LBX_IMG_HorzWarp	yes	no	no	no	360	360	154	155
mismatch	seg028p6:UU_LBX_IMG_PrepFill	seg030p6:Create_Blank_Picture	yes	no	no	no	133	133	62	63
mismatch	seg028p7:UU_LBX_IMG_ColorShift	seg030p7:UU_LBX_IMG_ColorShift	yes	no	no	yes	158	158	86	86
mismatch	seg028p8:UU_LBX_IMG_CReplaceRect	seg030p8:UU_LBX_IMG_CReplaceRect	yes	no	yes	yes	164	164	92	92
mismatch	seg028p9:UU_LBX_IMG_ClearGraphic	seg030p9:Replace_Color_All	yes	no	no	no	95	95	55	60
mismatch	seg028p10:UU_LBX_IMG_LoadPalette	seg030p10:Load_Palette_From_Animation	yes	no	no	no	55	55	30	31
mismatch	seg028p11:FLIC_Draw	seg030p11:FLIC_Draw	yes	no	no	no	238	238	107	107
mismatch	seg028p12:FLIC_Draw_XY_Wnd	seg030p12:Clipped_Draw	yes	no	no	no	442	442	184	187
mismatch	seg028p13:Draw_Picture_To_Bitmap	seg030p13:Draw_Picture_To_Bitmap	yes	no	no	no	369	369	159	161
mismatch	seg028p14:FLIC_Set_CurrentFrame	seg030p14:Set_Animation_Frame	yes	no	no	no	102	102	52	53
mismatch	seg028p15:FLIC_ResetFrame	seg030p15:Reset_Animation_Frame	yes	no	no	no	23	23	12	12
mismatch	seg028p16:FLIC_Get_CurrentFrame	seg030p16:FLIC_Get_CurrentFrame	yes	no	no	no	21	21	12	12
mismatch	seg028p17:UU_LBX_IMG_GetFrameCnt	seg030p17:FLIC_Get_FrameCount	yes	no	no	no	21	21	12	12
mismatch	seg028p18:LBX_IMG_GetWidth	seg030p18:FLIC_Get_Width	yes	no	no	no	20	20	12	12
mismatch	seg028p19:LBX_IMG_GetHeight	seg030p19:FLIC_Get_Height	yes	no	no	no	21	21	12	12
mismatch	seg028p20:UU_VGA_WndDrawRotateImg	seg030p20:VGA_WndDrawRotateImg	yes	no	no	yes	129	129	74	74
mismatch	seg028p21:UU_VGA_WndDrawImageRect	seg030p21:VGA_WndDrawImageRect	yes	no	no	yes	4251	4251	1739	1739
mismatch	seg028p22:UU_VGA_WndDrawTransform	seg030p22:UU_VGA_WndDrawTransform	yes	no	no	yes	315	315	150	150
mismatch	seg028p23:UU_VGA_RotateRect	seg030p23:VGA_RotateRect	yes	no	no	yes	607	607	299	299
mismatch	seg028p24:Draw_Picture	seg030p24:Draw_Picture	yes	no	no	no	57	57	33	34
mismatch	seg028p25:Draw_Picture_Windowed	seg030p25:Draw_Picture_Windowed	yes	no	no	no	301	301	129	131
mismatch	seg028p26:UU_LBX_IMG_CopyInto	seg030p26:Clipped_Copy_Bitmap	yes	no	no	no	360	360	162	165
mismatch	seg028p27:UU_LBX_IMG_Overlay	seg030p27:Clipped_Copy_Mask	yes	no	no	no	360	360	163	165
mismatch	seg028p28:UU_LBX_IMG_StripColors	seg030p28:Transparent_Color_Range	yes	no	no	no	102	102	59	63
mismatch	seg028p29:UU_LBX_IMG_CropRect	seg030p29:UU_LBX_IMG_CropRect	yes	no	no	no	296	296	128	128
mismatch	seg028p30:UU_LBX_IMG_ClearRect	seg030p30:Clear_Bitmap_Region	yes	no	no	no	230	230	107	107
mismatch	seg028p32:UU_LBX_IMG_ExtGScaleEC	seg030p32:UU_LBX_IMG_ExtGScaleEC	yes	no	yes	yes	51	51	32	32
mismatch	seg028p33:UU_LBX_IMG_ExtGrayScale	seg030p33:UU_LBX_IMG_ExtGrayScale	yes	no	no	yes	280	280	121	121
mismatch	seg028p34:UU_LBX_IMG_Resize	seg030p34:Scale_Bitmap	yes	no	no	no	217	217	94	96
mismatch	seg028p35:Open_File_Animation__HACK	seg030p35:Open_File_Animation	yes	no	no	no	117	117	53	53
mismatch	seg028p36:Draw_File_Animation__HACK	seg030p36:Draw_File_Animation	yes	no	no	no	366	366	160	162
mismatch	seg028p37:VGA_FILEH_Loader	seg030p37:Load_File_Animation_Frame	yes	no	no	no	371	371	146	148
mismatch	seg028p38:UU_VGA_FILEH_GetFrame	seg030p38:Get_File_Animation_Frame	yes	no	no	yes	22	22	11	11
mismatch	seg028p39:UU_VGA_FILEH_SetFrame	seg030p39:Set_File_Animation_Frame	yes	no	no	no	24	24	11	11
mismatch	seg028p40:LBX_IMG_IsFullFramed	seg030p40:Get_Full_Store_Flag	yes	no	no	no	144	144	72	74
mismatch	seg028p41:LBX_IMG_SetLoop1	seg030p41:FLIC_Set_LoopFrame_1	yes	no	no	no	24	24	12	12
mismatch	seg028p42:UU_LBX_IMG_OutlineOvr	seg030p42:Outline_Bitmap_Pixels	yes	no	no	no	218	218	112	121
mismatch	seg028p43:UU_LBX_IMG_OutlineOvr_R	seg030p43:Outline_Bitmap_Pixels_No_Glass	yes	no	no	no	226	226	116	123
mismatch	seg028p44:UU_LBX_IMG_ColorScrmblr	seg030p44:Bitmap_Aura_Pixels	yes	no	no	no	111	111	60	61
mismatch	seg028p45:UU_LBX_IMG_DrawRect	seg030p45:UU_LBX_IMG_DrawRect	yes	no	no	yes	337	337	149	149
mismatch	seg028p46:LBX_IMG_GetGFXSize	seg030p46:Get_Bitmap_Actual_Size	yes	no	no	no	225	225	100	102
mismatch	seg029p1:VGA_DrawPartialImage	seg031p1:Clipped_Draw_Frame	yes	no	no	no	565	565	278	277
mismatch	seg029p2:VGA_DrawPartImage_R	seg031p2:Clipped_Remap_Draw_Frame__NOP	yes	no	no	yes	746	746	362	362
mismatch	seg030p1:VGA_DrawPartEmsImg	seg032p1:EMS_Clipped_Draw	yes	no	no	no	760	760	361	362
mismatch	seg030p2:EMM_MapNextIMGPages	seg032p2:EMS_Clipped_Draw_Map4Pages	yes	no	no	yes	44	44	19	19
mismatch	seg030p3:VGA_DrawPartEmsImg_R	seg032p3:EMS_Clipped_Remap_Draw	yes	no	no	no	753	753	363	364
mismatch	seg031p1:FLIC_DecPrepare	seg033p1:Create_Multi_Frame_Blank_Bitmap	yes	no	no	yes	66	66	41	41
mismatch	seg031p2:FLIC_LoadFrame	seg033p2:Add_Picture_To_Bitmap	yes	no	no	no	164	164	87	87
mismatch	seg031p3:FLIC_LoadEMSFrame	seg033p3:Add_Picture_To_Bitmap_EMM	yes	no	no	yes	308	308	148	148
mismatch	seg031p5:Draw_Picture_ASM	seg033p5:Draw_Picture_ASM	yes	no	no	no	188	188	100	103
mismatch	seg031p6:VGA_CopyLBXImage_R	seg033p6:Remap_Draw_Picture_ASM	yes	no	no	no	187	187	89	91
mismatch	seg031p7:UU_LBX_IMG_RawOverlay	seg033p7:Mask_Bitmap_Pixels	yes	no	no	no	75	75	42	49
mismatch	seg031p8:UU_LBX_IMG_HorzFlip	seg033p8:Flip_Bitmap	yes	no	no	no	66	66	38	38
mismatch	seg031p9:UU_LBX_IMG_ColorReplace	seg033p9:Replace_Color	yes	no	no	no	55	55	34	34
mismatch	seg031p10:UU_LBX_IMG_GetIntensity	seg033p10:UU_LBX_IMG_GetIntensity	yes	no	no	yes	118	118	66	66
mismatch	seg031p11:UU_LBX_IMG_PartialCopy	seg033p11:Mask_Bitmap_Pixels_Inverse	yes	no	no	no	75	75	42	48
mismatch	seg031p12:UU_MEM_Clear_Far2	seg033p12:Clear_Bitmap_Pixels	yes	no	no	no	28	28	20	20
mismatch	seg031p13:UU_LBX_IMG_Shrink	seg033p13:Reduce_Bitmap	yes	no	no	no	170	170	70	74
mismatch	seg031p14:UU_LBX_IMG_Stretch	seg033p14:Enlarge_Bitmap	yes	no	no	no	200	200	80	82
mismatch	seg031p15:Vanish_Bitmap	seg033p15:Vanish_Bitmap__WIP	yes	no	no	no	112	112	53	54
mismatch	seg031p16:Grayscale_Bitmap	seg033p16:Gray_Scale_Bitmap	yes	no	no	no	130	130	68	68
mismatch	seg031p17:UU_LBX_IMG_RevGrayscale	seg033p17:LBX_IMG_RevGrayscale	yes	no	no	yes	134	134	70	70
mismatch	seg031p18:UU_DUP_RevGrayscale	seg033p18:UU_DUP_RevGrayscale	yes	no	no	yes	134	134	70	70
mismatch	seg031p19:UU_RNG_GFX_Random	seg033p19:RNG_GFX_Random__WIP	yes	no	no	no	142	142	64	64
mismatch	seg032p1:UU_MATH_Inverse_Tangent	seg034p1:Get_Angle	yes	no	no	no	89	89	55	55
mismatch	seg032p2:UU_MATH_Inverse_Tan_QI	seg034p2:Get_Base_Angle	yes	no	no	yes	173	173	98	98
mismatch	seg032p3:UU_MATH_Int_Cos	seg034p3:Cos	yes	no	no	no	142	142	75	75
mismatch	seg032p4:UU_MATH_Int_Sin	seg034p4:Sin	yes	no	no	no	142	142	74	74
mismatch	seg032p5:UU_VGA_DrawTexture	seg034p5:VGA_DrawTexture	yes	no	no	yes	380	380	161	161
mismatch	seg032p6:UU_VGA_DrawTexture_R	seg034p6:VGA_DrawTexture_R	yes	no	no	yes	485	485	212	212
mismatch	seg033p1:Set_Mouse_List	seg035p1:Set_Mouse_List	yes	no	no	yes	68	68	33	33
mismatch	seg033p2:Check_Mouse_Shape	seg035p2:Check_Mouse_Shape	yes	no	no	no	90	90	41	41
mismatch	seg033p5:Mouse_Button	seg035p5:Mouse_Button	yes	no	no	yes	38	38	18	18
mismatch	seg033p6:MD_WaitRelease	seg035p6:Mouse_Wait	yes	no	no	yes	32	32	19	19
mismatch	seg033p7:MD_Init	seg035p7:Init_Mouse_Driver	yes	no	no	yes	150	150	61	61
mismatch	seg033p8:CRP_MD_EnableEmu	seg035p8:RP_MOUSE_SetUsable	yes	no	no	yes	14	14	6	6
mismatch	seg033p9:Reset_System_Mouse	seg035p9:Reset_System_Mouse	yes	no	no	yes	72	72	31	31
mismatch	seg033p10:Mouse_Movement_Handler	seg035p10:Mouse_Movement_Handler	yes	no	no	yes	53	53	25	25
mismatch	seg033p11:Mouse_Button_Handler	seg035p11:Mouse_Button_Handler	yes	no	no	yes	53	53	25	25
mismatch	seg033p12:MD_INT_Handler	seg035p12:User_Mouse_Handler	yes	no	no	no	224	224	116	116
mismatch	seg033p15:UU_MOUSE_GetHwOrEmu	seg035p15:UU_MOUSE_Usable	yes	no	no	yes	21	21	11	11
mismatch	seg033p16:Keyboard_Status	seg035p16:Keyboard_Status	yes	no	yes	yes	32	32	19	19
mismatch	seg033p17:Read_Key	seg035p17:Read_Key	yes	no	no	yes	607	607	329	329
mismatch	seg033p18:Pointer_X	seg035p18:Pointer_X	yes	no	no	yes	11	11	6	6
mismatch	seg033p19:Pointer_Y	seg035p19:Pointer_Y	yes	no	no	yes	11	11	6	6
mismatch	seg033p20:MD_MoveCursor	seg035p20:Set_Pointer_Position	yes	no	no	no	43	43	22	22
mismatch	seg033p21:MD_MoveCursorINT	seg035p21:Set_Mouse_Position	yes	no	no	no	22	22	15	15
mismatch	seg033p22:MD_GetClickX	seg035p22:Mouse_Buffer_X	yes	no	no	yes	11	11	6	6
mismatch	seg033p23:MD_GetClickY	seg035p23:Mouse_Buffer_Y	yes	no	no	yes	11	11	6	6
mismatch	seg033p24:MD_GetClickedBtns	seg035p24:Mouse_Buffer_Button	yes	no	no	yes	11	11	6	6
mismatch	seg033p27:CRP_MD_SetClick_CilckRec2	seg035p27:Set_Buffer_2	yes	no	no	no	30	30	15	15
mismatch	seg033p28:UU_MD_SetClick_All	seg035p28:Set_Mouse_Buffer	yes	no	no	no	42	42	19	19
mismatch	seg033p29:MD_ISR_SaveClick	seg035p29:Check_Mouse_Buffer	yes	no	no	no	58	58	29	29
mismatch	seg033p30:Save_Mouse_On_Page	seg035p30:Save_Mouse_On_Page	yes	no	no	no	211	211	97	97
mismatch	seg033p31:Save_Mouse_Off_Page	seg035p31:Save_Mouse_Off_Page	yes	no	no	no	222	222	100	100
mismatch	seg033p32:Save_Mouse_On_Page_	seg035p32:Save_Mouse_On_Page_	yes	no	no	no	183	183	85	85
mismatch	seg033p34:Restore_Mouse_On_Page	seg035p34:Restore_Mouse_On_Page	yes	no	no	no	144	144	71	71
mismatch	seg033p35:Restore_Mouse_Off_Page	seg035p35:Restore_Mouse_Off_Page	yes	no	no	no	148	148	72	72
mismatch	seg033p36:UU_CRL_Restore_SP3	seg035p36:UU_VGA_RestoreToFrame3	yes	no	no	yes	133	133	66	66
mismatch	seg033p37:Draw_Mouse_On_Page	seg035p37:Draw_Mouse_On_Page	yes	no	no	no	38	38	24	24
mismatch	seg033p38:Draw_Mouse_Off_Page	seg035p38:Draw_Mouse_Off_Page	yes	no	no	no	38	38	24	24
mismatch	seg033p39:Draw_Mouse_On_Page_	seg035p39:Draw_Mouse_On_Page_	yes	no	no	yes	209	209	106	106
mismatch	seg033p40:Draw_Mouse_Off_Page_	seg035p40:Draw_Mouse_Off_Page_	yes	no	no	yes	213	213	107	107
mismatch	seg033p41:UU_GUI_ClearClickBuffer	seg035p41:UU_GUI_ClearClickBuffer	yes	no	yes	yes	30	30	12	12
mismatch	seg033p44:UU_GUI_ClearBufferClick	seg035p44:UU_GUI_ClearBufferClick	yes	no	yes	yes	30	30	11	11
mismatch	seg033p45:UU_GUI_FindEmptyClick	seg035p45:UU_GUI_FindEmptyClick	yes	no	no	yes	51	51	25	25
mismatch	seg033p47:UU_GUI_AddBufferClick	seg035p47:UU_GUI_AddBufferClick	yes	no	no	yes	78	78	44	44
mismatch	seg033p48:UU_GUI_ProcBufferClick	seg035p48:UU_GUI_ProcBufferClick	yes	no	no	yes	121	121	61	61
mismatch	seg034p1:Interpret_Mouse_Input	seg036p1:Interpret_Mouse_Input	yes	no	no	no	3935	3935	1355	1350
mismatch	seg034p2:UU_GUI_SetTimeOutP	seg036p2:UU_GUI_SetTimeOutP	yes	no	yes	yes	28	28	9	9
mismatch	seg034p3:UU_GUI_SetTimeOutN	seg036p3:UU_GUI_SetTimeOutN	yes	no	yes	yes	28	28	9	9
mismatch	seg034p5:UU_GUI_SetClickBuffer	seg036p5:UU_GUI_SetClickBuffer	yes	no	no	yes	49	49	24	24
mismatch	seg034p6:UU_GUI_LoadClickFile	seg036p6:UU_GUI_LoadClickFile	yes	no	no	yes	84	84	37	37
mismatch	seg034p7:UU_GUI_SaveClickFile	seg036p7:UU_GUI_SaveClickFile	yes	no	no	no	71	71	32	33
mismatch	seg034p9:Enable_Cancel	seg036p9:Enable_Cancel	yes	no	no	yes	11	11	5	5
mismatch	seg034p10:Disable_Mouse_Wait	seg036p10:Disable_Mouse_Wait	yes	no	no	yes	11	11	5	5
mismatch	seg034p11:Enable_Mouse_Wait	seg036p11:Enable_Mouse_Wait	yes	no	no	yes	11	11	5	5
mismatch	seg034p12:Set_Help_List	seg036p12:Set_Help_List	yes	no	no	no	23	23	11	11
mismatch	seg034p13:Deactivate_Help_List	seg036p13:Deactivate_Help_List	yes	no	no	yes	23	23	7	7
mismatch	seg034p14:Check_Help_List	seg036p14:Check_Help_List	yes	no	no	no	195	195	81	83
mismatch	seg034p15:UU_GUI_GetControlWidth	seg036p15:UU_GUI_GetControlWidth	yes	no	no	no	77	77	36	36
mismatch	seg034p16:UU_GUI_GetControlHeight	seg036p16:UU_GUI_GetControlHeight	yes	no	yes	yes	78	78	36	36
mismatch	seg034p17:UU_GUI_GetLastClickX	seg036p17:UU_GUI_GetLastClickX	yes	no	no	yes	10	10	6	6
mismatch	seg034p18:UU_GUI_GetLastClickY	seg036p18:UU_GUI_GetLastClickY	yes	no	no	yes	10	10	6	6
mismatch	seg034p19:UU_GUI_GetLastClickBtns	seg036p19:UU_GUI_GetLastClickBtns	yes	no	no	yes	10	10	6	6
mismatch	seg034p21:CRP_GUI_KeyInputOnly	seg036p21:RP_GUI_KeyInputOnly	yes	no	no	no	1653	1653	591	592
mismatch	seg034p22:Interpret_Keyboard_Input	seg036p22:Interpret_Keyboard_Input	yes	no	no	no	1195	1195	446	445
mismatch	seg034p23:GUI_GetNextControl	seg036p23:GUI_GetNextControl	yes	no	no	no	3500	3500	1410	1405
mismatch	seg034p24:GUI_MouseEmuMove	seg036p24:UU_GUI_MouseEMUMoveTo	yes	no	no	no	280	280	111	112
mismatch	seg034p25:Scan_Field	seg036p25:Scan_Field	yes	no	no	no	208	208	86	86
mismatch	seg034p26:Scan_Input	seg036p26:Scan_Input	yes	no	no	no	370	370	145	145
mismatch	seg034p27:UU_GUI_KeyWaitLoop	seg036p27:UU_GUI_KeyWaitLoop	yes	no	yes	yes	23	23	10	10
mismatch	seg034p28:G_GUI_ClearInput	seg036p28:Reset_Wait_For_Input	yes	no	no	yes	60	60	21	21
mismatch	seg034p29:G_GUI_PressAnyKey	seg036p29:Wait_For_Input	yes	no	no	no	395	395	139	141
mismatch	seg034p30:GUI_ProcessDirKey	seg036p30:Process_Direction_Key__STUB	yes	no	no	no	712	712	259	261
mismatch	seg034p31:Input_Box_Popup	seg036p31:Input_Box_Popup	yes	no	no	no	1067	1067	378	380
mismatch	seg034p32:Setup_Input_Box_Popup	seg036p32:Setup_Input_Box_Popup	yes	no	no	no	969	969	356	358
mismatch	seg034p33:GUI_EditBoxRedraw	seg036p33:Draw_Input_Box_Popup	yes	no	no	no	999	999	385	389
mismatch	seg034p34:Add_Input_Field	seg036p34:Add_Input_Field	yes	no	no	no	463	463	178	178
mismatch	seg034p35:UU_GUI_CreateEditSelect	seg036p35:Add_Continuous_String_Input_Field	yes	no	no	no	355	355	137	139
mismatch	seg034p36:UU_GUI_Ctrl_DecHeight	seg036p36:UU_GUI_Ctrl_DecHeight	yes	no	no	no	45	45	21	21
mismatch	seg034p37:UU_GUI_CreateDialogLine	seg036p37:Add_String_List_Field	yes	no	no	no	528	528	203	204
mismatch	seg034p38:UU_UI_AddAltKeyControl	seg036p38:Add_Multi_Hot_Key_Field	yes	no	no	no	336	336	122	124
mismatch	seg034p39:RP_GUI_CreateImageLabel	seg036p39:Add_Picture_Field	yes	no	no	no	327	327	130	131
mismatch	seg034p40:RP_GUI_CreateWndImgLbl	seg036p40:UU_GUI_CreateWndImgLbl	yes	no	no	no	464	464	174	174
mismatch	seg034p41:UU_GUI_SetBtnClickDir	seg036p41:Set_Button_Down_Offsets	yes	no	no	no	17	17	10	10
mismatch	seg034p42:Add_Button_Info	seg036p42:Add_Button_Info	yes	no	no	no	394	394	159	159
mismatch	seg034p43:Add_Button_Field	seg036p43:Add_Button_Field	yes	no	no	no	63	63	31	31
mismatch	seg034p44:UU_GUI_CreateToggleBtn	seg036p44:UU_GUI_CreateToggleBtn	yes	no	no	yes	84	84	39	39
mismatch	seg034p45:UU_GUI_CreateLockblBtn	seg036p45:UU_GUI_CreateLockblBtn	yes	no	no	yes	84	84	39	39
mismatch	seg034p46:UU_GUI_CreateMStateBtn	seg036p46:UU_GUI_CreateMStateBtn	yes	no	no	no	105	105	49	47
mismatch	seg034p47:Add_Hidden_Field	seg036p47:Add_Hidden_Field	yes	no	no	no	251	251	98	99
mismatch	seg034p48:UU_GUI_CreateWndLabel	seg036p48:UU_Add_Clipped_Hidden_Field	yes	no	no	yes	403	403	151	151
mismatch	seg034p49:Add_Hot_Key	seg036p49:Add_Hot_Key	yes	no	no	no	246	246	88	88
mismatch	seg034p50:UU_GUI_CreateHelpLink	seg036p50:UU_GUI_CreateHelpLink	yes	no	no	no	314	314	122	123
mismatch	seg034p51:Add_Grid_Field	seg036p51:Add_Grid_Field	yes	no	no	no	350	350	139	142
mismatch	seg034p52:Add_Scroll_Field	seg036p52:Add_Scroll_Field	yes	no	no	no	49	49	32	32
mismatch	seg034p53:Add_Scroll_Field_Far	seg036p53:Add_Scroll_Field_Far	yes	no	no	no	477	477	182	185
mismatch	seg034p54:Find_Bar_Position	seg036p54:Find_Bar_Position	yes	no	no	no	637	637	256	257
mismatch	seg034p55:Increment_Scroll_Bar	seg036p55:Increment_Scroll_Bar	yes	no	no	no	306	306	133	135
mismatch	seg034p56:Decrement_Scroll_Bar	seg036p56:Decrement_Scroll_Bar	yes	no	no	no	305	305	133	136
mismatch	seg034p57:Clear_Fields	seg036p57:Clear_Fields	yes	no	no	yes	35	35	9	9
mismatch	seg034p58:UU_GUI_NoSelectColor	seg036p58:NX_UU_GUI_NoSelectColor	yes	no	no	yes	29	29	13	13
mismatch	seg034p59:UU_GUI_ScrollableTxtDlg	seg036p59:UU_GUI_ScrollableTxtDlg	yes	no	no	yes	2724	2724	1073	1073
mismatch	seg034p60:UU_GUI_CreateTextDialog	seg036p60:Get_List_Field	yes	no	no	no	620	620	257	259
mismatch	seg034p61:UU_GUI_NoMouseHighlight	seg036p61:UU_GUI_NoMouseHighlight	yes	no	no	yes	11	11	5	5
mismatch	seg034p62:GUI_MoveDlgHighlight	seg036p62:GUI_MoveDlgHighlight__STUB	yes	no	no	no	1061	1061	414	416
mismatch	seg034p63:UU_GUI_SetControlCount	seg036p63:Clear_Fields_Above	yes	no	no	no	18	18	9	9
mismatch	seg034p64:UU_GUI_GetControlCount	seg036p64:Get_Field_Counter	yes	no	yes	yes	10	10	6	6
mismatch	seg034p65:Init_Mouse_Keyboard	seg036p65:Init_Mouse_Keyboard	yes	no	no	yes	201	201	72	72
mismatch	seg034p66:Get_Input	seg036p66:Get_Input	yes	no	no	no	74	74	29	28
mismatch	seg034p67:Set_Input_Delay	seg036p67:Set_Input_Delay	yes	no	no	no	21	21	9	9
mismatch	seg034p68:UU_GUI_GetDelay	seg036p68:UU_Get_Input_Delay	yes	no	yes	yes	10	10	6	6
mismatch	seg034p69:UU_GUI_ClearSelectable	seg036p69:UU_GUI_ClearSelectable	yes	no	no	no	47	47	19	19
mismatch	seg034p70:UU_GUI_SetSelectable	seg036p70:UU_GUI_SetSelectable	yes	no	no	no	47	47	19	19
mismatch	seg034p71:Draw_Fields	seg036p71:Draw_Fields	yes	no	no	no	5355	5355	2007	2010
mismatch	seg034p72:Draw_Field	seg036p72:Draw_Field	yes	no	no	no	4268	4268	1651	1652
mismatch	seg034p73:Push_Field_Down	seg036p73:Push_Field_Down	yes	no	no	no	475	475	188	189
mismatch	seg034p74:UU_GUI_SetDlgTitleHelp	seg036p74:UU_GUI_SetDlgTitleHelp	yes	no	no	yes	11	11	7	7
mismatch	seg034p75:UU_GUI_ClearTitleHelp	seg036p75:UU_GUI_ClearTitleHelp	yes	no	no	yes	11	11	5	5
mismatch	seg034p76:Assign_Auto_Function	seg036p76:Assign_Auto_Function	yes	no	no	no	48	48	19	20
mismatch	seg034p78:Restore_Auto_Function	seg036p78:Restore_Auto_Function	yes	no	no	yes	25	25	9	9
mismatch	seg034p80:UU_Activate_Auto_Function	seg036p80:UU_Activate_Auto_Function	yes	no	no	yes	11	11	5	5
mismatch	seg034p81:Invoke_Auto_Function	seg036p81:Invoke_Auto_Function	yes	no	no	yes	16	16	7	7
mismatch	seg034p82:Quick_Call_Auto_Function	seg036p82:Quick_Call_Auto_Function	yes	no	no	yes	58	58	23	23
mismatch	seg034p83:Call_Auto_Function	seg036p83:Call_Auto_Function	yes	no	no	yes	58	58	22	22
mismatch	seg034p84:UU_CTRL_Clear_Skip1	seg036p84:UU_GUI_ExtClear	yes	no	yes	yes	18	18	11	11
mismatch	seg034p85:Toggle_Pages	seg036p85:Toggle_Pages	yes	no	no	no	79	79	36	36
match	_AIL_p2:_call_driver	_AIL_p2:_call_driver	yes	yes	yes	yes	24	24	12	12
match	_AIL_p4:_init_DDA_arrays	_AIL_p4:_init_DDA_arrays	yes	yes	yes	yes	60	60	27	27
match	_AIL_p5:_bios_caller	_AIL_p5:_bios_caller	yes	yes	yes	yes	7	7	3	3
match	_AIL_p10:_ul_divide	_AIL_p10:_ul_divide	yes	yes	yes	yes	75	75	42	42
match	_AIL_p12:_AIL_startup	_AIL_p12:_AIL_startup	yes	yes	yes	yes	75	75	30	30
match	_AIL_p13:_AIL_shutdown	_AIL_p13:_AIL_shutdown	yes	yes	yes	yes	101	101	41	41
match	_AIL_p14:_AIL_register_timer	_AIL_p14:_AIL_register_timer	yes	yes	yes	yes	203	203	77	77
match	_AIL_p17:_AIL_start_timer	_AIL_p17:_AIL_start_timer	yes	yes	yes	yes	40	40	21	21
match	_AIL_p18:_AIL_start_all_timers	_AIL_p18:_AIL_start_all_timers	yes	yes	yes	yes	30	30	19	19
match	_AIL_p23:_AIL_set_timer_divsr	_AIL_p23:_AIL_set_timer_divsr	yes	yes	yes	yes	60	60	33	33
match	_AIL_p24:_AIL_int_divisor	_AIL_p24:_AIL_int_divisor	yes	yes	yes	yes	20	20	13	13
match	_AIL_p31:UU_AIL_index_VOC_blk	_AIL_p31:UU_AIL_index_VOC_blk	yes	yes	yes	yes	6	6	6	6
match	_AIL_p32:UU_AIL_reg_snd_buffer	_AIL_p32:UU_AIL_reg_snd_buffer	yes	yes	yes	yes	6	6	5	5
match	_AIL_p33:UU_AIL_format_snd_buff	_AIL_p33:UU_AIL_format_snd_buff	yes	yes	yes	yes	6	6	4	4
match	_AIL_p34:UU_AIL_snd_buff_status	_AIL_p34:UU_AIL_snd_buff_status	yes	yes	yes	yes	6	6	4	4
match	_AIL_p36:_AIL_format_VOC_file	_AIL_p36:_AIL_format_VOC_file	yes	yes	yes	yes	6	6	5	5
match	_AIL_p37:UU_AIL_VOC_play_status	_AIL_p37:UU_AIL_VOC_play_status	yes	yes	yes	yes	6	6	3	3
match	_AIL_p40:UU_AIL_pause_digi_play	_AIL_p40:UU_AIL_pause_digi_play	yes	yes	yes	yes	6	6	3	3
match	_AIL_p41:UU_AIL_resm_digi_play	_AIL_p41:UU_AIL_resm_digi_play	yes	yes	yes	yes	6	6	3	3
match	_AIL_p42:UU_AIL_set_digi_volume	_AIL_p42:UU_AIL_set_digi_volume	yes	yes	yes	yes	6	6	4	4
match	_AIL_p43:UU_AIL_get_digi_volume	_AIL_p43:UU_AIL_get_digi_volume	yes	yes	yes	yes	6	6	3	3
match	_AIL_p44:UU_AIL_set_digi_panpot	_AIL_p44:UU_AIL_set_digi_panpot	yes	yes	yes	yes	6	6	4	4
match	_AIL_p45:UU_AIL_get_digi_panpot	_AIL_p45:UU_AIL_get_digi_panpot	yes	yes	yes	yes	6	6	3	3
match	_AIL_p46:_AIL_state_table_size	_AIL_p46:_AIL_state_table_size	yes	yes	yes	yes	6	6	3	3
match	_AIL_p48:_AIL_release_seq_hnd	_AIL_p48:_AIL_release_seq_hnd	yes	yes	yes	yes	6	6	4	4
match	_AIL_p52:_AIL_install_timbre	_AIL_p52:_AIL_install_timbre	yes	yes	yes	yes	6	6	6	6
match	_AIL_p53:UU_AIL_protect_timbre	_AIL_p53:UU_AIL_protect_timbre	yes	yes	yes	yes	6	6	5	5
match	_AIL_p54:UU_AIL_unprotect_t	_AIL_p54:UU_AIL_unprotect_t	yes	yes	yes	yes	6	6	5	5
match	_AIL_p55:UU_AIL_timbre_status	_AIL_p55:UU_AIL_timbre_status	yes	yes	yes	yes	6	6	5	5
match	_AIL_p56:_AIL_start_sequence	_AIL_p56:_AIL_start_sequence	yes	yes	yes	yes	6	6	4	4
match	_AIL_p57:_AIL_stop_sequence	_AIL_p57:_AIL_stop_sequence	yes	yes	yes	yes	6	6	4	4
match	_AIL_p58:UU_AIL_resume_seq	_AIL_p58:UU_AIL_resume_seq	yes	yes	yes	yes	6	6	4	4
match	_AIL_p59:_AIL_sequence_status	_AIL_p59:_AIL_sequence_status	yes	yes	yes	yes	6	6	4	4
match	_AIL_p60:UU_AIL_relative_volume	_AIL_p60:UU_AIL_relative_volume	yes	yes	yes	yes	6	6	4	4
match	_AIL_p61:UU_AIL_relative_tempo	_AIL_p61:UU_AIL_relative_tempo	yes	yes	yes	yes	6	6	4	4
match	_AIL_p63:UU_AIL_set_rel_tempo	_AIL_p63:UU_AIL_set_rel_tempo	yes	yes	yes	yes	6	6	6	6
match	_AIL_p64:UU_AIL_beat_count	_AIL_p64:UU_AIL_beat_count	yes	yes	yes	yes	6	6	4	4
match	_AIL_p65:UU_AIL_measure_cnt	_AIL_p65:UU_AIL_measure_cnt	yes	yes	yes	yes	6	6	4	4
match	_AIL_p66:UU_AIL_branch_index	_AIL_p66:UU_AIL_branch_index	yes	yes	yes	yes	6	6	5	5
match	_AIL_p67:UU_AIL_ctrl_value	_AIL_p67:UU_AIL_ctrl_value	yes	yes	yes	yes	6	6	6	6
match	_AIL_p68:UU_AIL_set_ctrl_value	_AIL_p68:UU_AIL_set_ctrl_value	yes	yes	yes	yes	6	6	7	7
match	_AIL_p69:UU_AIL_channel_notes	_AIL_p69:UU_AIL_channel_notes	yes	yes	yes	yes	6	6	5	5
match	_AIL_p70:UU_AIL_send_cv_msg	_AIL_p70:UU_AIL_send_cv_msg	yes	yes	yes	yes	6	6	6	6
match	_AIL_p71:UU_AIL_send_sysex_msg	_AIL_p71:UU_AIL_send_sysex_msg	yes	yes	yes	yes	6	6	9	9
match	_AIL_p72:UU_AIL_write_display	_AIL_p72:UU_AIL_write_display	yes	yes	yes	yes	6	6	4	4
match	_AIL_p73:UU_AIL_install_cb	_AIL_p73:UU_AIL_install_cb	yes	yes	yes	yes	6	6	4	4
match	_AIL_p74:UU_AIL_cancel_cb	_AIL_p74:UU_AIL_cancel_cb	yes	yes	yes	yes	6	6	3	3
match	_AIL_p75:UU_AIL_lock_channel	_AIL_p75:UU_AIL_lock_channel	yes	yes	yes	yes	6	6	3	3
match	_AIL_p76:UU_AIL_map_seq_channel	_AIL_p76:UU_AIL_map_seq_channel	yes	yes	yes	yes	6	6	6	6
match	_AIL_p77:UU_AIL_release_channel	_AIL_p77:UU_AIL_release_channel	yes	yes	yes	yes	6	6	4	4
match	_AIL_p78:UU_AIL_true_seq_chan	_AIL_p78:UU_AIL_true_seq_chan	yes	yes	yes	yes	6	6	5	5
match	_AIL_p81:UU_sub_ptr	_AIL_p81:UU_sub_ptr	yes	yes	yes	yes	71	71	38	38
match	_AIL_p83:_marker_num	_AIL_p83:_marker_num	yes	yes	yes	yes	23	23	12	12
match	_AIL_p84:_get_sample_rate	_AIL_p84:_get_sample_rate	yes	yes	yes	yes	59	59	34	34
match	_AIL_p86:_CB_set_vect	_AIL_p86:_CB_set_vect	yes	yes	yes	yes	26	26	17	17
match	_AIL_p87:_CB_play_VOC	_AIL_p87:_CB_play_VOC	yes	yes	yes	yes	31	31	14	14
match	_AIL_p88:_CB_play_buffer	_AIL_p88:_CB_play_buffer	yes	yes	yes	yes	52	52	20	20
match	_AIL_p89:_next_block	_AIL_p89:_next_block	yes	yes	yes	yes	85	85	44	44
match	_AIL_p90:_next_buffer	_AIL_p90:_next_buffer	yes	yes	yes	yes	39	39	15	15
match	_AIL_p92:_process_buffer	_AIL_p92:_process_buffer	yes	yes	yes	yes	83	83	33	33
match	_AIL_p93:_DMA_transfer	_AIL_p93:_DMA_transfer	yes	yes	yes	yes	43	43	22	22
match	_AIL_p96:_DP_detect_device	_AIL_p96:_DP_detect_device	yes	yes	yes	yes	14	14	16	16
match	_AIL_p97:_DP_init_driver	_AIL_p97:_DP_init_driver	yes	yes	yes	yes	101	101	43	43
match	_AIL_p98:_DP_shutdown_driver	_AIL_p98:_DP_shutdown_driver	yes	yes	yes	yes	51	51	23	23
match	_AIL_p100:_DP_register_sb	_AIL_p100:_DP_register_sb	yes	yes	yes	yes	95	95	37	37
match	_AIL_p101:UU_DP_get_sb_status	_AIL_p101:UU_DP_get_sb_status	yes	yes	yes	yes	21	21	15	15
match	_AIL_p102:_DP_play_VOC_file	_AIL_p102:_DP_play_VOC_file	yes	yes	yes	yes	166	166	76	76
match	seg003p4:UU_DISK_DeleteFile	seg003p4:UU_DISK_DeleteFile	yes	yes	yes	yes	22	22	17	17
match	seg013p9:UU_EMM_CustLoadLBX2	seg013p9:UU_EMM_CustLoadLBX2	yes	yes	yes	yes	38	38	22	22
match	seg017p6:Set_Outline_Color	seg017p6:Set_Outline_Color	yes	yes	yes	yes	11	11	7	7
match	seg022p4:Clear_Screens	seg022p4:Clear_Screens	yes	yes	yes	yes	65	65	30	30
match	seg022p5:Set_Random_Seed	seg022p5:Set_Random_Seed	yes	yes	yes	yes	17	17	9	9
match	seg022p29:UU_DBG_SetSelectSetting	seg022p29:UU_DBG_SetSelectSetting	yes	yes	yes	yes	29	29	16	16
match	seg028p31:UU_LBX_IMG_FullGScale	seg030p31:UU_LBX_IMG_FullGScale	yes	yes	yes	yes	32	32	22	22
match	seg031p4:EMM_MapNextIMGPages2	seg033p4:EMM_MapNextIMGPages2	yes	yes	yes	yes	37	37	14	14
match	seg033p3:Get_Pointer_Image_Number	seg035p3:Get_Pointer_Image_Number	yes	yes	yes	yes	11	11	6	6
match	seg033p4:Get_Pointer_Offset	seg035p4:Get_Pointer_Offset	yes	yes	yes	yes	11	11	6	6
match	seg033p13:Save_Mouse_State	seg035p13:Save_Mouse_State	yes	yes	yes	yes	24	24	11	11
match	seg033p14:Restore_Mouse_State	seg035p14:Restore_Mouse_State	yes	yes	yes	yes	18	18	9	9
match	seg033p25:Mouse_Buffer	seg035p25:Mouse_Buffer	yes	yes	yes	yes	17	17	8	8
match	seg033p26:Mouse_Buffer2	seg035p26:Mouse_Buffer2	yes	yes	yes	yes	17	17	8	8
match	seg033p33:Copy_Mouse_Off_To_Mouse_Back	seg035p33:Copy_Mouse_Off_To_Mouse_Back	yes	yes	yes	yes	27	27	16	16
match	seg033p42:UU_GUI_ClickBuffReset	seg035p42:UU_GUI_ClickBuffReset	yes	yes	yes	yes	7	7	2	2
match	seg033p43:UU_GUI_SetClickBuffVar1	seg035p43:UU_GUI_SetClickBuffVar1	yes	yes	yes	yes	7	7	2	2
match	seg033p46:UU_GUI_GetClickBuffVar1	seg035p46:UU_GUI_GetClickBuffVar1	yes	yes	yes	yes	4	4	2	2
match	seg034p4:UU_GUI_EditStart	seg036p4:UU_GUI_EditStart	yes	yes	yes	yes	16	16	6	6
match	seg034p8:Disable_Cancel	seg036p8:Disable_Cancel	yes	yes	yes	yes	11	11	5	5
match	seg034p20:Auto_Input	seg036p20:Auto_Input	yes	yes	yes	yes	10	10	6	6
match	seg034p77:Save_Auto_Function	seg036p77:Save_Auto_Function	yes	yes	yes	yes	19	19	8	8
match	seg034p79:Deactivate_Auto_Function	seg036p79:Deactivate_Auto_Function	yes	yes	yes	yes	11	11	5	5
match	stub048p1:j_Save_SAVE_GAM	stub050p1:j_Save_SAVE_GAM	yes	yes	yes	yes	5	5	1	1
match	stub048p2:j_Load_SAVE_GAM	stub050p2:j_Load_SAVE_GAM	yes	yes	yes	yes	5	5	1	1
