MAGIC	WIZARDS	magic_bytes	wizards_bytes	size_ratio
seg005p3:UU_Exit_With_Value	seg005p3:Exit_With_Value	69	64	0.927536
seg006p2:Quit_With_Message	seg006p2:Quit_With_Message	45	43	0.955556
seg005p6:RP_VGA_B800Dump	seg005p6:UU_VGA_B800Dump	252	245	0.972222
seg027p2:FLIC_Remap_Draw_Frame	seg029p2:Remap_Draw_Frame_ASM	492	486	0.987805
seg027p5:FLIC_Draw_Frame_EMM_Remap	seg029p5:EMM_Remap_Draw_Frame_ASM	489	487	0.995910
SOUNDp1:load_global_timbre	SOUNDp1:load_global_timbre	191	191	1.000000
SOUNDp2:Audio_Init__WIP	SOUNDp2:Audio_Init__WIP	1696	1696	1.000000
SOUNDp3:Play_Sound	SOUNDp3:Play_Sound	861	861	1.000000
SOUNDp4:UU_SND_SetMIDIVol	SOUNDp4:Set_Music_Volume__STUB	72	72	1.000000
SOUNDp5:UU_SND_GetMIDIVol	SOUNDp5:Get_Music_Volume__STUB	55	55	1.000000
SOUNDp6:UU_SND_Silence	SOUNDp6:Stop_All_Sounds__STUB	100	100	1.000000
SOUNDp7:SND_Get_Seq_Status	SOUNDp7:Midi_Sequence_Status	52	52	1.000000
SOUNDp8:Stop_Music__STUB	SOUNDp8:Stop_Music__STUB	125	125	1.000000
SOUNDp9:Audio_Uninit__STUB	SOUNDp9:Audio_Uninit__STUB	56	56	1.000000
SOUNDp10:UU_SND_LegacyFn	SOUNDp10:NX_UU_SND_LegacyFn	119	119	1.000000
SOUNDp11:BLASTER__board_ID	SOUNDp11:BLASTER__board_ID	322	322	1.000000
SOUNDp12:Audio_Error__STUB	SOUNDp12:Audio_Error__STUB	181	181	1.000000
_AIL_p1:_find_proc	_AIL_p1:_find_proc	56	56	1.000000
_AIL_p2:_call_driver	_AIL_p2:_call_driver	24	24	1.000000
_AIL_p3:_API_timer	_AIL_p3:_API_timer	209	209	1.000000
_AIL_p4:_init_DDA_arrays	_AIL_p4:_init_DDA_arrays	60	60	1.000000
_AIL_p5:_bios_caller	_AIL_p5:_bios_caller	7	7	1.000000
_AIL_p6:_hook_timer_process	_AIL_p6:_hook_timer_process	76	76	1.000000
_AIL_p7:_unhook_timer_proc	_AIL_p7:_unhook_timer_proc	48	48	1.000000
_AIL_p8:_set_PIT_divisor	_AIL_p8:_set_PIT_divisor	41	41	1.000000
_AIL_p9:_set_PIT_period	_AIL_p9:_set_PIT_period	42	42	1.000000
_AIL_p10:_ul_divide	_AIL_p10:_ul_divide	75	75	1.000000
_AIL_p11:_program_timers	_AIL_p11:_program_timers	149	149	1.000000
_AIL_p12:_AIL_startup	_AIL_p12:_AIL_startup	75	75	1.000000
_AIL_p13:_AIL_shutdown	_AIL_p13:_AIL_shutdown	101	101	1.000000
_AIL_p14:_AIL_register_timer	_AIL_p14:_AIL_register_timer	203	203	1.000000
_AIL_p15:_AIL_release_tmr_hnd	_AIL_p15:_AIL_release_tmr_hnd	73	73	1.000000
_AIL_p16:_AIL_release_all_tmrs	_AIL_p16:_AIL_release_all_tmrs	30	30	1.000000
_AIL_p17:_AIL_start_timer	_AIL_p17:_AIL_start_timer	40	40	1.000000
_AIL_p18:_AIL_start_all_timers	_AIL_p18:_AIL_start_all_timers	30	30	1.000000
_AIL_p19:_AIL_stop_timer	_AIL_p19:_AIL_stop_timer	40	40	1.000000
_AIL_p20:_AIL_stop_all_timers	_AIL_p20:_AIL_stop_all_timers	30	30	1.000000
_AIL_p21:_AIL_set_timer_prd	_AIL_p21:_AIL_set_timer_prd	85	85	1.000000
_AIL_p22:_AIL_set_timer_freq	_AIL_p22:_AIL_set_timer_freq	65	65	1.000000
_AIL_p23:_AIL_set_timer_divsr	_AIL_p23:_AIL_set_timer_divsr	60	60	1.000000
_AIL_p24:_AIL_int_divisor	_AIL_p24:_AIL_int_divisor	20	20	1.000000
_AIL_p25:_AIL_register_driver	_AIL_p25:_AIL_register_driver	227	227	1.000000
_AIL_p26:_AIL_release_drv_hnd	_AIL_p26:_AIL_release_drv_hnd	71	71	1.000000
_AIL_p27:_AIL_describe_driver	_AIL_p27:_AIL_describe_driver	38	38	1.000000
_AIL_p28:_AIL_detect_device	_AIL_p28:_AIL_detect_device	6	6	1.000000
_AIL_p29:_AIL_init_driver	_AIL_p29:_AIL_init_driver	178	178	1.000000
_AIL_p30:_AIL_shutdown_drvr	_AIL_p30:_AIL_shutdown_drvr	51	51	1.000000
_AIL_p31:UU_AIL_index_VOC_blk	_AIL_p31:UU_AIL_index_VOC_blk	6	6	1.000000
_AIL_p32:UU_AIL_reg_snd_buffer	_AIL_p32:UU_AIL_reg_snd_buffer	6	6	1.000000
_AIL_p33:UU_AIL_format_snd_buff	_AIL_p33:UU_AIL_format_snd_buff	6	6	1.000000
_AIL_p34:UU_AIL_snd_buff_status	_AIL_p34:UU_AIL_snd_buff_status	6	6	1.000000
_AIL_p35:_AIL_play_VOC_file	_AIL_p35:_AIL_play_VOC_file	6	6	1.000000
_AIL_p36:_AIL_format_VOC_file	_AIL_p36:_AIL_format_VOC_file	6	6	1.000000
_AIL_p37:UU_AIL_VOC_play_status	_AIL_p37:UU_AIL_VOC_play_status	6	6	1.000000
_AIL_p38:_AIL_start_digi_play	_AIL_p38:_AIL_start_digital_playback	6	6	1.000000
_AIL_p39:_AIL_stop_digi_play	_AIL_p39:_AIL_stop_digital_playback	6	6	1.000000
_AIL_p40:UU_AIL_pause_digi_play	_AIL_p40:UU_AIL_pause_digi_play	6	6	1.000000
_AIL_p41:UU_AIL_resm_digi_play	_AIL_p41:UU_AIL_resm_digi_play	6	6	1.000000
_AIL_p42:UU_AIL_set_digi_volume	_AIL_p42:UU_AIL_set_digi_volume	6	6	1.000000
_AIL_p43:UU_AIL_get_digi_volume	_AIL_p43:UU_AIL_get_digi_volume	6	6	1.000000
_AIL_p44:UU_AIL_set_digi_panpot	_AIL_p44:UU_AIL_set_digi_panpot	6	6	1.000000
_AIL_p45:UU_AIL_get_digi_panpot	_AIL_p45:UU_AIL_get_digi_panpot	6	6	1.000000
_AIL_p46:_AIL_state_table_size	_AIL_p46:_AIL_state_table_size	6	6	1.000000
_AIL_p47:_AIL_register_seq	_AIL_p47:_AIL_register_sequence	6	6	1.000000
_AIL_p48:_AIL_release_seq_hnd	_AIL_p48:_AIL_release_seq_hnd	6	6	1.000000
_AIL_p49:_AIL_t_cache_size	_AIL_p49:_AIL_default_timbre_cache_size	6	6	1.000000
_AIL_p50:_AIL_define_t_cache	_AIL_p50:_AIL_define_timbre_cache	6	6	1.000000
_AIL_p51:_AIL_timbre_req	_AIL_p51:_AIL_timbre_request	6	6	1.000000
_AIL_p52:_AIL_install_timbre	_AIL_p52:_AIL_install_timbre	6	6	1.000000
_AIL_p53:UU_AIL_protect_timbre	_AIL_p53:UU_AIL_protect_timbre	6	6	1.000000
_AIL_p54:UU_AIL_unprotect_t	_AIL_p54:UU_AIL_unprotect_t	6	6	1.000000
_AIL_p55:UU_AIL_timbre_status	_AIL_p55:UU_AIL_timbre_status	6	6	1.000000
_AIL_p56:_AIL_start_sequence	_AIL_p56:_AIL_start_sequence	6	6	1.000000
_AIL_p57:_AIL_stop_sequence	_AIL_p57:_AIL_stop_sequence	6	6	1.000000
_AIL_p58:UU_AIL_resume_seq	_AIL_p58:UU_AIL_resume_seq	6	6	1.000000
_AIL_p59:_AIL_sequence_status	_AIL_p59:_AIL_sequence_status	6	6	1.000000
_AIL_p60:UU_AIL_relative_volume	_AIL_p60:UU_AIL_relative_volume	6	6	1.000000
_AIL_p61:UU_AIL_relative_tempo	_AIL_p61:UU_AIL_relative_tempo	6	6	1.000000
_AIL_p62:UU_AIL_set_rel_volume	_AIL_p62:_AIL_set_rel_volume	6	6	1.000000
_AIL_p63:UU_AIL_set_rel_tempo	_AIL_p63:UU_AIL_set_rel_tempo	6	6	1.000000
_AIL_p64:UU_AIL_beat_count	_AIL_p64:UU_AIL_beat_count	6	6	1.000000
_AIL_p65:UU_AIL_measure_cnt	_AIL_p65:UU_AIL_measure_cnt	6	6	1.000000
_AIL_p66:UU_AIL_branch_index	_AIL_p66:UU_AIL_branch_index	6	6	1.000000
_AIL_p67:UU_AIL_ctrl_value	_AIL_p67:UU_AIL_ctrl_value	6	6	1.000000
_AIL_p68:UU_AIL_set_ctrl_value	_AIL_p68:UU_AIL_set_ctrl_value	6	6	1.000000
_AIL_p69:UU_AIL_channel_notes	_AIL_p69:UU_AIL_channel_notes	6	6	1.000000
_AIL_p70:UU_AIL_send_cv_msg	_AIL_p70:UU_AIL_send_cv_msg	6	6	1.000000
_AIL_p71:UU_AIL_send_sysex_msg	_AIL_p71:UU_AIL_send_sysex_msg	6	6	1.000000
_AIL_p72:UU_AIL_write_display	_AIL_p72:UU_AIL_write_display	6	6	1.000000
_AIL_p73:UU_AIL_install_cb	_AIL_p73:UU_AIL_install_cb	6	6	1.000000
_AIL_p74:UU_AIL_cancel_cb	_AIL_p74:UU_AIL_cancel_cb	6	6	1.000000
_AIL_p75:UU_AIL_lock_channel	_AIL_p75:UU_AIL_lock_channel	6	6	1.000000
_AIL_p76:UU_AIL_map_seq_channel	_AIL_p76:UU_AIL_map_seq_channel	6	6	1.000000
_AIL_p77:UU_AIL_release_channel	_AIL_p77:UU_AIL_release_channel	6	6	1.000000
_AIL_p78:UU_AIL_true_seq_chan	_AIL_p78:UU_AIL_true_seq_chan	6	6	1.000000
_AIL_p79:_AIL_unhook	_AIL_p79:_AIL_unhook	55	55	1.000000
_AIL_p80:_AIL_hook	_AIL_p80:_AIL_hook	55	55	1.000000
_AIL_p81:UU_sub_ptr	_AIL_p81:UU_sub_ptr	71	71	1.000000
_AIL_p82:_block_type	_AIL_p82:_block_type	15	15	1.000000
_AIL_p83:_marker_num	_AIL_p83:_marker_num	23	23	1.000000
_AIL_p84:_get_sample_rate	_AIL_p84:_get_sample_rate	59	59	1.000000
_AIL_p85:_DP_preformat	_AIL_p85:_DP_preformat	179	179	1.000000
_AIL_p86:_CB_set_vect	_AIL_p86:_CB_set_vect	26	26	1.000000
_AIL_p87:_CB_play_VOC	_AIL_p87:_CB_play_VOC	31	31	1.000000
_AIL_p88:_CB_play_buffer	_AIL_p88:_CB_play_buffer	52	52	1.000000
_AIL_p89:_next_block	_AIL_p89:_next_block	85	85	1.000000
_AIL_p90:_next_buffer	_AIL_p90:_next_buffer	39	39	1.000000
_AIL_p91:_process_block	_AIL_p91:_process_block	343	343	1.000000
_AIL_p92:_process_buffer	_AIL_p92:_process_buffer	83	83	1.000000
_AIL_p93:_DMA_transfer	_AIL_p93:_DMA_transfer	43	43	1.000000
_AIL_p94:_xfer_chunk	_AIL_p94:_xfer_chunk	215	215	1.000000
_AIL_p95:_DP_describe_driver	_AIL_p95:_DP_describe_driver	128	128	1.000000
_AIL_p96:_DP_detect_device	_AIL_p96:_DP_detect_device	14	14	1.000000
_AIL_p97:_DP_init_driver	_AIL_p97:_DP_init_driver	101	101	1.000000
_AIL_p98:_DP_shutdown_driver	_AIL_p98:_DP_shutdown_driver	51	51	1.000000
_AIL_p99:UU_DP_index_VOC_blk	_AIL_p99:UU_DP_index_VOC_blk	294	294	1.000000
_AIL_p100:_DP_register_sb	_AIL_p100:_DP_register_sb	95	95	1.000000
_AIL_p101:UU_DP_get_sb_status	_AIL_p101:UU_DP_get_sb_status	21	21	1.000000
_AIL_p102:_DP_play_VOC_file	_AIL_p102:_DP_play_VOC_file	166	166	1.000000
_AIL_p103:_DP_format_VOC_file	_AIL_p103:_DP_format_VOC_file	238	238	1.000000
_AIL_p104:UU_DP_format_sb	_AIL_p104:UU_DP_format_sb	61	61	1.000000
_AIL_p105:_DP_start_d_pb	_AIL_p105:_DP_start_d_pb	72	72	1.000000
_AIL_p106:_DP_stop_d_bp	_AIL_p106:_DP_stop_d_bp	68	68	1.000000
_AIL_p107:UU_DP_get_VOC_status	_AIL_p107:UU_DP_get_VOC_status	15	15	1.000000
ovr048p1:Save_SAVE_GAM	ovr050p1:Save_SAVE_GAM	1016	1016	1.000000
ovr048p2:Load_SAVE_GAM	ovr050p2:Load_SAVE_GAM	1000	1000	1.000000
seg002p1:Mark_Time	seg002p1:Mark_Time	22	22	1.000000
seg002p2:Time_Passed_	seg002p2:Time_Passed_	16	16	1.000000
seg002p3:Release_Time	seg002p3:Release_Time	54	54	1.000000
seg002p4:RP_CLK_ExtWait	seg002p4:UU_CLK_ExtWait	97	97	1.000000
seg002p5:Wait_For_Vsync_	seg002p5:VGA_WaitSync	16	16	1.000000
seg003p1:RP_Return_Ignore	seg003p1:UU_Return_Ignore	3	3	1.000000
seg003p2:RP_DISK_GetSpace	seg003p2:UU_Botched_DISK_GetSpace	90	90	1.000000
seg003p3:RP_DISK_GetDefaultDrive	seg003p3:UU_DISK_GetDefaultDrive	15	15	1.000000
seg003p4:UU_DISK_DeleteFile	seg003p4:UU_DISK_DeleteFile	22	22	1.000000
seg003p5:LOF	seg003p5:LOF	104	104	1.000000
seg003p6:UU_DISK_GetFileDateTime	seg003p6:UU_DISK_GetFileDateTime	78	78	1.000000
seg003p7:UU_DISK_CheckDrive	seg003p7:UU_DISK_CheckDrive	55	55	1.000000
seg003p8:UU_DISK_GetCurrentDir	seg003p8:UU_DISK_GetCurrentDir	45	45	1.000000
seg004p1:DIR	seg004p1:DIR	128	128	1.000000
seg004p2:Disk_Free	seg004p2:Disk_Free	34	34	1.000000
seg005p1:Exit_With_Size	seg005p1:Exit_With_Size	311	311	1.000000
seg005p2:Exit_With_Message	seg005p2:Exit_With_Message	44	44	1.000000
seg005p4:GAME_EXE_Swap	seg005p4:GAME_EXE_Swap	155	155	1.000000
seg005p5:Update_MemFreeWorst_KB	seg005p5:Check_Free	24	24	1.000000
seg005p7:RP_VGA_TextModeString	seg005p7:UU_VGA_TextModeString	88	88	1.000000
seg006p1:Reset_Video	seg006p1:Reset_Video	6	6	1.000000
seg006p3:UU_DOS_PrintString	seg006p3:Print_Message	41	41	1.000000
seg006p4:dos_memfree_kb	seg006p4:Dos_Free	30	30	1.000000
seg006p5:DBG_Open_ERROR_LOG	seg006p5:DBG_Open_ERROR_LOG	9	9	1.000000
seg006p6:DBG_Close_ERROR_LOG	seg006p6:DBG_Close_ERROR_LOG	9	9	1.000000
seg007p1:UU_DOS_Allocate_Space	seg007p1:UU_SAMB_DOS_Allocate_Memory	56	56	1.000000
seg007p2:UU_DOS_MemBlk_Alloc	seg007p2:UU_DOS_MemAlloc	31	31	1.000000
seg007p3:UU_DOS_MemBlk_Free	seg007p3:UU_DOS_MemFree	29	29	1.000000
seg007p4:Check_Allocation	seg007p4:Check_Allocation	39	39	1.000000
seg007p5:farpeekb	seg007p5:farpeekb	20	20	1.000000
seg007p6:farpeekw	seg007p6:farpeekw	18	18	1.000000
seg007p7:farpeekdw	seg007p7:farpeekdw	25	25	1.000000
seg007p8:farpokeb	seg007p8:farpokeb	21	21	1.000000
seg007p9:farpokew	seg007p9:farpokew	21	21	1.000000
seg007p10:UU_farpokedw	seg007p10:farpokedw	25	25	1.000000
seg008p1:Near_Allocate_Mark	seg008p1:Near_Allocate_Mark	11	11	1.000000
seg008p2:Near_Allocate_Undo	seg008p2:Near_Allocate_Undo	11	11	1.000000
seg008p3:UU_Near_Allocate_Reset	seg008p3:Near_Allocate_Reset	17	17	1.000000
seg008p4:Near_Allocate_First	seg008p4:Near_Allocate_First	55	55	1.000000
seg008p5:Near_Allocate_Next	seg008p5:Near_Allocate_Next	60	60	1.000000
seg008p6:Near_Allocation_Error	seg008p6:Near_Allocation_Error	74	74	1.000000
seg008p7:Allocate_Space	seg008p7:Allocate_Space	159	159	1.000000
seg008p8:Allocate_Space_No_Header__LbxHeader	seg008p8:Allocate_Space_No_Header__LbxHeader	74	74	1.000000
seg008p9:SA_Allocate_MemBlk_EntrySize	seg008p9:Allocate_Space_No_Header__EntrySize	74	74	1.000000
seg008p10:Mark_Block	seg008p10:Mark_Block	46	46	1.000000
seg008p11:Release_Block	seg008p11:Release_Block	46	46	1.000000
seg008p12:Allocate_First_Block	seg008p12:Allocate_First_Block	201	201	1.000000
seg008p13:UU_SA_Alloc_Reset	seg008p13:Reset_First_Block	53	53	1.000000
seg008p14:Allocate_Next_Block	seg008p14:Allocate_Next_Block	209	209	1.000000
seg008p15:Get_Free_Blocks	seg008p15:Get_Free_Blocks	51	51	1.000000
seg008p16:SA_MK_FP0	seg008p16:SA_MK_FP0	35	35	1.000000
seg008p17:UU_SA_MK_FP_Norm	seg008p17:UU_combine_32	47	47	1.000000
seg008p18:UU_SA_Deallocate_Space	seg008p18:UU_LBX_Alloc_Free	33	33	1.000000
seg008p19:Allocation_Error	seg008p19:Allocation_Error	410	410	1.000000
seg009p1:lbx_open	seg009p1:lbx_open	32	32	1.000000
seg009p2:lbx_close	seg009p2:lbx_close	20	20	1.000000
seg009p3:lbx_seek	seg009p3:lbx_seek	41	41	1.000000
seg009p4:lbx_lof	seg009p4:lbx_lof	41	41	1.000000
seg009p5:lbx_read_sgmt	seg009p5:lbx_read_sgmt	45	45	1.000000
seg009p6:lbx_read_ofst	seg009p6:lbx_read_ofst	40	40	1.000000
seg009p7:_fstrcpy	seg009p7:_fstrcpy	57	57	1.000000
seg010p1:LBX_Load	seg010p1:LBX_Load	28	28	1.000000
seg010p2:LBX_Reload	seg010p2:LBX_Reload	29	29	1.000000
seg010p3:LBX_Reload_Next	seg010p3:LBX_Reload_Next	29	29	1.000000
seg010p4:LBX_Load_Data	seg010p4:LBX_Load_Data	34	34	1.000000
seg010p5:RP_LBXR_LoadReplace	seg010p5:UU_LBXR_LoadReplace	35	35	1.000000
seg010p6:RP_LBXR_LoadAppend	seg010p6:UU_LBXR_LoadAppend	35	35	1.000000
seg010p7:UU_LBXE_LoadSingle2	seg010p7:UU_LBXE_LoadSingle2	29	29	1.000000
seg010p8:UU_LBXE_LoadReplace2	seg010p8:UU_LBXE_LoadReplace2	30	30	1.000000
seg010p9:UU_LBXE_LoadAppend2	seg010p9:UU_LBXE_LoadAppend2	30	30	1.000000
seg010p10:LBX_Load_Library	seg010p10:LBX_Load_Entry	1046	1046	1.000000
seg010p11:LBX_Load_Record	seg010p11:LBX_Load_Library_Data	1224	1224	1.000000
seg010p12:LBX_Load_Data_Static	seg010p12:LBX_Load_Data_Static	815	815	1.000000
seg010p13:LBX_GetEntryData	seg010p13:LBX_Get_Entry_Data	537	537	1.000000
seg010p14:Set_Alternate_Path	seg010p14:Set_Alternate_Path	19	19	1.000000
seg010p15:Error_Handler	seg010p15:Error_Handler	415	415	1.000000
seg010p16:File_Name_Base	seg010p16:File_Name_Base	61	61	1.000000
seg010p17:RAM_Set_Minimum	seg010p17:RAM_Set_Minimum	11	11	1.000000
seg011p1:gfopen	seg011p1:gfopen	119	119	1.000000
seg011p2:gfread	seg011p2:gfread	47	47	1.000000
seg011p3:gfwrite	seg011p3:gfwrite	47	47	1.000000
seg011p4:gfseek	seg011p4:gfseek	22	22	1.000000
seg011p5:gfclose	seg011p5:gfclose	13	13	1.000000
seg012p1:EMM_Detect_Device	seg012p1:EMM_Detect_Device	88	88	1.000000
seg012p2:EMM_GetActiveHandleCount	seg012p2:EMM_Number_Of_Handles	28	28	1.000000
seg012p3:EMM_GetFreePageCount	seg012p3:EMM_Get_Free_Page_Count	28	28	1.000000
seg012p4:EMS_GetHandlePageCount	seg012p4:EMM_GetPageCount	36	36	1.000000
seg012p5:EMS_MakeNamedHandle	seg012p5:EMM_MakeNamedHandle	60	60	1.000000
seg012p6:EMS_GetHandleName	seg012p6:EMM_Get_Handle_Name	54	54	1.000000
seg012p7:EMM_ReleaseHandle	seg012p7:EMM_Release_Handle	26	26	1.000000
seg012p8:EMM_MapnRead	seg012p8:EMM_MapnRead	127	127	1.000000
seg012p9:EMM_MapnWrite	seg012p9:EMM_MapnWrite	127	127	1.000000
seg012p10:EMM_GetPageFrame	seg012p10:EMM_Get_Page_Frame	11	11	1.000000
seg012p11:EMM_Map4	seg012p11:EMM_MapFourPages	59	59	1.000000
seg012p12:EMM_MapMulti4	seg012p12:EMM_MapMulti4	59	59	1.000000
seg013p1:EMM_Startup	seg013p1:EMM_Startup	431	431	1.000000
seg013p2:UU_EMM_Load_LBX_0	seg013p2:EMM_Load_LBX_File_0	18	18	1.000000
seg013p3:EMM_Load_LBX_File_1	seg013p3:EMM_Load_LBX_File_1	19	19	1.000000
seg013p4:EMM_Load_LBX_File	seg013p4:EMM_Load_LBX_File	532	532	1.000000
seg013p5:UU_EMM_LoadLBX2Hnd	seg013p5:RP_EMM_LoadLBX2Hnd	25	25	1.000000
seg013p6:UU_EMM_LoadLBX2Hnd2	seg013p6:RP_EMM_LoadLBX2Hnd2	26	26	1.000000
seg013p7:UU_EMM_LoadLBX_Fail	seg013p7:UU_EMM_LoadLBX_Fail	483	483	1.000000
seg013p8:UU_EMM_CustLoadLBX	seg013p8:UU_EMM_CustLoadLBX	37	37	1.000000
seg013p9:UU_EMM_CustLoadLBX2	seg013p9:UU_EMM_CustLoadLBX2	38	38	1.000000
seg013p10:UU_EMM_CustomLBXLoad	seg013p10:UU_EMM_CustomLBXLoad	551	551	1.000000
seg013p11:EMM_LBX_Load_Entry	seg013p11:EMM_LBX_EntryLoader	670	670	1.000000
seg013p12:EMM_LBX_Load_FLIC_Header	seg013p12:EMM_LBX_Load_Picture_Header	513	513	1.000000
seg013p13:EMM_LBX_Load_Record	seg013p13:EMM_LBX_RecLoader	706	706	1.000000
seg013p14:EMM_LBXR_DirectLoad	seg013p14:EMM_LBXR_DirectLoad	425	425	1.000000
seg013p15:EMM_CheckHandleOpen	seg013p15:EMM_CheckHandleOpen	85	85	1.000000
seg013p16:EMM_ReleaseAll__STUB	seg013p16:EMM_Release_All	54	54	1.000000
seg013p17:EMM_Release_Resd	seg013p17:EMM_Release_Resd	53	53	1.000000
seg013p18:UU_EMM_ReleaseHnd	seg013p18:UU_EMM_ReleaseHnd	235	235	1.000000
seg013p19:UU_Get_EMM_OK	seg013p19:UU_EMM_Available	10	10	1.000000
seg013p20:EMM_Get_Handle	seg013p20:EMM_Get_Handle	573	573	1.000000
seg013p21:UU_EMM_VGAWrite_fP5	seg013p21:RP_EMM_VGAWrite_fP5	34	34	1.000000
seg013p22:UU_EMM_VGARead_fP5	seg013p22:RP_EMM_VGARead_fP5	34	34	1.000000
seg013p23:UU_EMM_VGAWrite_P5	seg013p23:RP_EMM_VGAWrite_P5	43	43	1.000000
seg013p24:UU_EMM_VGARead_P5	seg013p24:RP_EMM_VGARead_P5	43	43	1.000000
seg013p25:EMM_Map4_EMMDATAH	seg013p25:EMMDATAH_Map	19	19	1.000000
seg013p26:EMM_EMMDATAH_AllocFirst	seg013p26:EMMDATAH_Allocate_First	170	170	1.000000
seg013p27:EMM_EMMDATAH_AllocNext	seg013p27:EMMDATAH_Allocate_Next	168	168	1.000000
seg013p28:UU_EMM_Data_Mark	seg013p28:EMMDATAH_Save_Last_Offset	11	11	1.000000
seg013p29:UU_EMM_Data_Undo	seg013p29:EMMDATAH_Restore_Last_Offset	11	11	1.000000
seg013p30:RP_EMM_LBX_Load2Hnd	seg013p30:UU_EMM_LBX_Load2Hnd	355	355	1.000000
seg013p31:EMM_Set_Minimum	seg013p31:EMM_Set_Minimum	11	11	1.000000
seg013p32:EMS_BuildEmsErrStr	seg013p32:EMM_Error_Message	71	71	1.000000
seg014p1:Init_Drivers	seg014p1:Init_Drivers	157	157	1.000000
seg014p2:UU_Legacy_Startup	seg014p2:UU_Legacy_Startup	90	90	1.000000
seg014p3:Load_Font_File	seg014p3:Load_Font_File	200	200	1.000000
seg014p4:Set_Window	seg014p4:Set_Window	87	87	1.000000
seg014p5:Reset_Window	seg014p5:Reset_Window	29	29	1.000000
seg014p6:VGA_WndDrawFilldRect	seg014p6:Clipped_Fill	124	124	1.000000
seg014p7:UU_VGA_WndPutPixel	seg014p7:Clipped_Dot	62	62	1.000000
seg014p8:VGA_WndDrawLine	seg014p8:Clipped_Line	40	40	1.000000
seg014p9:UU_VGA_WndDrawPtrnLine	seg014p9:Clipped_Multi_Colored_Line	41	41	1.000000
seg014p10:VGA_WndDrawLineBase	seg014p10:Clipped_Line_Base	710	710	1.000000
seg014p11:UU_VGA_DrawBiColorRect	seg014p11:UU_Interlaced_Fill	97	97	1.000000
seg014p12:UU_VGA_DrawRect	seg014p12:UU_VGA_DrawRect	120	120	1.000000
seg014p13:UU_VGA_WndDrawRect	seg014p13:UU_VGA_WndDrawRect	116	116	1.000000
seg014p14:VGA_DrawDblRect	seg014p14:UU_VGA_DrawDblRect	187	187	1.000000
seg014p15:Gradient_Fill	seg014p15:Gradient_Fill	183	183	1.000000
seg014p16:DOS_PrintString__STUB	seg014p16:DOS_PrintString__STUB	17	17	1.000000
seg015p1:Set_Video_Mode	seg015p1:Set_Video_Mode	68	68	1.000000
seg016p1:Fill	seg016p1:Fill	260	260	1.000000
seg016p2:Dot	seg016p2:Dot	58	58	1.000000
seg016p3:Line	seg016p3:Line	265	265	1.000000
seg016p4:Multi_Colored_Line	seg016p4:Multi_Colored_Line	290	290	1.000000
seg016p5:UU_VGA_CreateColorWave	seg016p5:UU_VGA_CreateColorWave	55	55	1.000000
seg016p6:RP_VGA_DiagColumns	seg016p6:UU_VGA_DiagColumns	269	269	1.000000
seg016p7:RNG_Direct_LFSR	seg016p7:rnd_bitfiddle__1oom	56	56	1.000000
seg016p8:VGA_Shade_Rect	seg016p8:Tint_Fill	509	509	1.000000
seg016p9:VGA_Grayscale_Rect	seg016p9:Gray_Scale_Fill	557	557	1.000000
seg016p10:RP_VGA_Columns	seg016p10:UU_VGA_Columns	234	234	1.000000
seg016p11:RP_VGA_ScrambleRect	seg016p11:UU_VGA_ScrambleRect	372	372	1.000000
seg017p1:Set_Font_Style_Shadow_Down	seg017p1:Set_Font_Style_Shadow_Down	45	45	1.000000
seg017p2:VGA_SetFont_Style2	seg017p2:Set_Font_Style_Shadow_Up	45	45	1.000000
seg017p3:UU_VGA_SetFont_Style3	seg017p3:Set_Font_Style_Shadow_Heavy	45	45	1.000000
seg017p4:UU_VGA_SetFont_Style4	seg017p4:Set_Font_Style_Outline	45	45	1.000000
seg017p5:UU_VGA_SetFont_Style5	seg017p5:Set_Font_Style_Outline_Heavy	45	45	1.000000
seg017p6:Set_Outline_Color	seg017p6:Set_Outline_Color	11	11	1.000000
seg017p7:Set_Font_LF	seg017p7:Set_Font_LF	40	40	1.000000
seg017p8:UU_VGA_SetSpaceWidth	seg017p8:Set_Font_Spacing_Width	24	24	1.000000
seg017p9:UU_VGA_SetHorzSpacing	seg017p9:Set_Font_Spacing	24	24	1.000000
seg017p10:UU_VGA_BotchedFColor	seg017p10:Set_Font_Highlight_Colors	43	43	1.000000
seg017p11:Set_Font_Colors_15	seg017p11:Set_Font_Colors_15	68	68	1.000000
seg017p12:VGA_SetAAColor	seg017p12:Set_Alias_Color	119	119	1.000000
seg017p13:VGA_SaveAAColors	seg017p13:Save_Alias_Colors	110	110	1.000000
seg017p14:VGA_RestoreAAColors	seg017p14:Restore_Alias_Colors	125	125	1.000000
seg017p15:Print_Far	seg017p15:Print_Far	44	44	1.000000
seg017p16:UU_VGA_DrawCenteredFar	seg017p16:Print_Centered_Far	44	44	1.000000
seg017p17:UU_VGA_DrawRtAlgFar	seg017p17:Print_Right_Far	44	44	1.000000
seg017p18:UU_VGA_WndDrawFarString	seg017p18:Clipped_Print_Far	44	44	1.000000
seg017p19:UU_VGA_WndDrawCntrdFar	seg017p19:Clipped_Print_Centered_Far	44	44	1.000000
seg017p20:UU_VGA_WndDrawRtAlgFar	seg017p20:Clipped_Print_Right_Far	44	44	1.000000
seg017p21:UU_VGA_DrawNumber	seg017p21:Print_Integer	55	55	1.000000
seg017p22:UU_VGA_DrawLongNumber	seg017p22:Print_Long	58	58	1.000000
seg017p23:Print_Right	seg017p23:Print_Right	53	53	1.000000
seg017p24:Print_Centered	seg017p24:Print_Centered	59	59	1.000000
seg017p25:Print_Integer_Right	seg017p25:Print_Integer_Right	54	54	1.000000
seg017p26:UU_VGA_DrawCntrdNumber	seg017p26:Print_Integer_Centered	54	54	1.000000
seg017p27:UU_VGA_DrawRtAlgLongN	seg017p27:Print_Long_Right	57	57	1.000000
seg017p28:UU_VGA_WndDrawNumber	seg017p28:Clipped_Print_Integer	55	55	1.000000
seg017p29:UU_VGA_WndDrawLongN	seg017p29:Clipped_Print_Long	58	58	1.000000
seg017p30:UU_VGA_WndDrawRtAligned	seg017p30:Clipped_Print_Right	53	53	1.000000
seg017p31:UU_VGA_WndDrawCentered	seg017p31:Clipped_Print_Centered	59	59	1.000000
seg017p32:UU_VGA_WndDrawRtAlgNum	seg017p32:Clipped_Print_Integer_Right	54	54	1.000000
seg017p33:UU_VGA_WndDrawRtAlgLong	seg017p33:Clipped_Print_Long_Right	57	57	1.000000
seg017p34:VGA_DrawJustified	seg017p34:Print_Full	34	34	1.000000
seg017p35:Print	seg017p35:Print	25	25	1.000000
seg017p36:Print_Display	seg017p36:Print_Display	497	497	1.000000
seg017p37:VGA_DrawString	seg017p37:Print_String	419	419	1.000000
seg017p38:UU_VGA_DisableAAPixels	seg017p38:No_Print_Alias	11	11	1.000000
seg017p39:FNT_FontColorSelect_0	seg017p39:Set_Normal_Colors_On	14	14	1.000000
seg017p40:FNT_FontColorSelect_0or1	seg017p40:Set_Highlight_Colors_On	39	39	1.000000
seg017p41:FNT_FontColorSelect_0or2	seg017p41:Set_Special_Colors_On	39	39	1.000000
seg017p42:FNT_FontColorSelect	seg017p42:Set_Color_Set	89	89	1.000000
seg017p43:UU_DBG_TblDrawValue	seg017p43:PSTRM	157	157	1.000000
seg017p44:UU_DBG_TblCellWrapper	seg017p44:Disp_PSTR_Wrapper	36	36	1.000000
seg017p45:UU_DBG_TblDrawString	seg017p45:PSTRS	58	58	1.000000
seg017p46:UU_DBG_TblDrawS16	seg017p46:PSTR	61	61	1.000000
seg017p47:UU_DBG_TblDrawS32	seg017p47:PSTRL	64	64	1.000000
seg017p48:UU_DBG_TblDrawU32	seg017p48:PSTRU	75	75	1.000000
seg017p49:UU_DBG_DrawTableCell	seg017p49:Disp_PSTR	328	328	1.000000
seg017p50:UU_VGA_WndDrawSString	seg017p50:Clipped_Print	442	442	1.000000
seg017p51:UU_VGA_WndDrawString	seg017p51:Clipped_Print_String	245	245	1.000000
seg017p52:UU_VGA_WndDrawChar	seg017p52:Clipped_Print_Character	290	290	1.000000
seg017p53:VGA_GetFontIndex	seg017p53:Get_Current_Font_Style	21	21	1.000000
seg017p54:VGA_GetFontColor1	seg017p54:Get_Current_Normal_Color	21	21	1.000000
seg017p55:VGA_GetFontColor2	seg017p55:Get_Current_Highlight_Color	21	21	1.000000
seg017p56:UU_VGA_GetFontColor3	seg017p56:Get_Current_Special_Color	21	21	1.000000
seg017p57:UU_STR_CopyToNearLBX	seg017p57:String_Copy_Far_To_Near	29	29	1.000000
seg017p58:VGA_GetVertSpacing	seg017p58:Get_Font_Vertical_Spacing	52	52	1.000000
seg017p59:Trim	seg017p59:Trim	95	95	1.000000
seg017p60:Print_To_Bitmap	seg017p60:Print_To_Bitmap	28	28	1.000000
seg017p61:Print_Display_To_Bitmap	seg017p61:Print_Display_To_Bitmap	526	526	1.000000
seg017p62:Print_String_To_Bitmap	seg017p62:Print_String_To_Bitmap	392	392	1.000000
seg017p63:UU_LBX_DrawRightAligned	seg017p63:Print_Right_To_Bitmap	55	55	1.000000
seg017p64:UU_LBX_DrawCentered	seg017p64:Print_Centered_To_Bitmap	61	61	1.000000
seg017p65:UU_LBX_DrawJustified	seg017p65:Print_Full_To_Bitmap	36	36	1.000000
seg017p66:UU_LBX_DrawFarString	seg017p66:Print_To_Bitmap_Far	46	46	1.000000
seg017p67:UU_LBX_DrawRtAlgFar	seg017p67:UU_Print_Right_To_Bitmap_Far	46	46	1.000000
seg017p68:UU_LBX_DrawCenteredFar	seg017p68:UU_Print_Centered_To_Bitmap_Far	46	46	1.000000
seg017p69:UU_LBX_DrawJustifiedFar	seg017p69:UU_Print_Full_To_Bitmap_Far	49	49	1.000000
seg018p1:Set_Font_Style	seg018p1:Set_Font_Style	326	326	1.000000
seg018p2:Print_Character	seg018p2:Print_Character	116	116	1.000000
seg018p3:VGA_DrawChar_NoAA	seg018p3:Print_Character_No_Alias	116	116	1.000000
seg018p4:LBX_DrawGlyph	seg018p4:Print_Character_To_Bitmap	175	175	1.000000
seg018p5:Print_Character_ASM_	seg018p5:Print_Character_ASM_	126	126	1.000000
seg018p6:VGA_DrawGlyph_NoAA	seg018p6:Print_Character_No_Alias_ASM_	135	135	1.000000
seg018p7:Get_String_Width	seg018p7:Get_String_Width	85	85	1.000000
seg018p8:VGA_DrawPartialChar	seg018p8:Print_Clipped_Character	84	84	1.000000
seg018p9:VGA_DrawPartialGlyph	seg018p9:Print_Clipped_Letter	190	190	1.000000
seg019p1:Print_Paragraph	seg019p1:Print_Paragraph	395	395	1.000000
seg019p2:UU_VGA_WndDrawText	seg019p2:UU_VGA_WndDrawText	256	256	1.000000
seg019p3:UU_GUI_CreateHelpLinks	seg019p3:UU_GUI_CreateHelpLinks	779	779	1.000000
seg019p4:VGA_TextSetup	seg019p4:Mark_Paragraph	816	816	1.000000
seg019p5:VGA_GetTextHeight	seg019p5:Get_Paragraph_Max_Height	94	94	1.000000
seg019p6:VGA_GetTextWidth	seg019p6:Get_Paragraph_Max_Width	293	293	1.000000
seg019p7:UU_VGA_ResetFltBlocks	seg019p7:Reset_Paragraph_Exclusions	11	11	1.000000
seg019p8:UU_VGA_AddFloatingBlock	seg019p8:Set_Paragraph_Exclusion_Area	68	68	1.000000
seg019p9:UU_VGA_AddFltIMGSpace	seg019p9:UU_Set_Paragraph_Exclusion_Picture	116	116	1.000000
seg019p10:STR_RemoveLBSPs	seg019p10:Remove_Paragraph_Marks	38	38	1.000000
seg019p11:VGA_GetFontHeight	seg019p11:Get_Font_Height	33	33	1.000000
seg019p12:UU_VGA_WidestGlyph	seg019p12:UU_VGA_WidestGlyph	75	75	1.000000
seg019p13:UU_LBX_DrawText	seg019p13:Print_Paragraph_To_Bitmap	408	408	1.000000
seg019p14:VGA_TextDraw_Init	seg019p14:VGA_TextDraw_Init	117	117	1.000000
seg020p1:Load_Palette	seg020p1:Load_Palette	226	226	1.000000
seg020p2:UU_VGA_ResetShade0	seg020p2:Update_Remap_Gray_Palette	29	29	1.000000
seg020p3:VGA_SetShades_Grey0	seg020p3:Calculate_Remap_Colors	126	126	1.000000
seg020p4:UU_VGA_SetShades_Range	seg020p4:Update_Remap_Color_Range	160	160	1.000000
seg020p5:Set_Palette_Changes	seg020p5:Set_Palette_Changes	35	35	1.000000
seg020p6:Clear_Palette_Changes	seg020p6:Clear_Palette_Changes	34	34	1.000000
seg020p7:UU_PAL_ClearPalette	seg020p7:NX_VGA_ClearDAC	53	53	1.000000
seg020p8:UU_PAL_SavePalette	seg020p8:NX_VGA_SaveDAC	31	31	1.000000
seg020p9:UU_PAL_RestorePalette	seg020p9:NX_VGA_RestoreDAC	44	44	1.000000
seg020p10:UU_Set_Palette_Colors	seg020p10:NX_VGA_LoadDAC	72	72	1.000000
seg020p11:UU_Reset_Cycle_Palette_Color	seg020p11:Reset_Cycle_Palette_Color	11	11	1.000000
seg020p12:UU_Cycle_Palette_Color	seg020p12:Cycle_Palette_Color__STUB	460	460	1.000000
seg020p13:UU_Update_Cycle	seg020p13:Update_Cycle	148	148	1.000000
seg020p14:UU_Set_Palette_Gradient	seg020p14:NX_VGA_CreateHues	184	184	1.000000
seg021p1:Apply_Palette	seg021p1:Apply_Palette	96	96	1.000000
seg021p2:Cycle_Palette	seg021p2:Cycle_Palette	228	228	1.000000
seg021p3:UU_VGA_ShadeScreen	seg021p3:Tint_Palette	310	310	1.000000
seg021p4:UU_VGA_SlideColors	seg021p4:VGA_SlideColors__STUB	210	210	1.000000
seg021p5:UU_VGA_ColorWave	seg021p5:NX_VGA_ColorWave	149	149	1.000000
seg021p6:VGA_ShadeColorMatch	seg021p6:Create_Remap_Palette	560	560	1.000000
seg021p7:FLIC_Load_Palette	seg021p7:FLIC_Load_Palette	181	181	1.000000
seg022p1:UU_VGA_Bleep	seg022p1:UU_VGA_Bleep	12	12	1.000000
seg022p2:UU_KBD_GetKey	seg022p2:UU_KBD_GetKey	9	9	1.000000
seg022p3:UU_Clock_Wait30	seg022p3:UU_Clock_Wait30	20	20	1.000000
seg022p4:Clear_Screens	seg022p4:Clear_Screens	65	65	1.000000
seg022p5:Set_Random_Seed	seg022p5:Set_Random_Seed	17	17	1.000000
seg022p6:Get_Random_Seed	seg022p6:Get_Random_Seed	36	36	1.000000
seg022p7:Randomize	seg022p7:Randomize	43	43	1.000000
seg022p8:Random	seg022p8:Random	144	144	1.000000
seg022p9:String_To_Upper	seg022p9:String_To_Upper	54	54	1.000000
seg022p10:String_To_Lower	seg022p10:String_To_Lower	54	54	1.000000
seg022p11:RP_MEM_Copy	seg022p11:Copy_Memory_Near	40	40	1.000000
seg022p12:RP_MEM_CopyIfLess	seg022p12:UU_MEM_CopyIfLess	49	49	1.000000
seg022p13:RP_MEM_Clear_Near	seg022p13:UU_MEM_Clear_Near	39	39	1.000000
seg022p14:RP_MEM_Set_Near	seg022p14:UU_MEM_Set_Near	40	40	1.000000
seg022p15:RP_MEM_PullRecord	seg022p15:Clear_Structure	118	118	1.000000
seg022p16:RP_MEM_PullDynRecord	seg022p16:Delete_Structure	97	97	1.000000
seg022p17:RP_MEM_CopyIfLess_Far	seg022p17:Copy_Memory_Less	79	79	1.000000
seg022p18:RP_MEM_Clear_Far	seg022p18:Clear_Memory	55	55	1.000000
seg022p19:RP_MEM_Set_Far	seg022p19:Set_Memory	56	56	1.000000
seg022p20:RP_MEM_SwapWord	seg022p20:Swap_Short	34	34	1.000000
seg022p21:RP_MEM_SwapBytes	seg022p21:MEM_SwapBytes	51	51	1.000000
seg022p22:_fmemcpy	seg022p22:_fmemcpy	110	110	1.000000
seg022p23:RP_MEM_TestBit_Far	seg022p23:Test_Bit_Field	45	45	1.000000
seg022p24:RP_MEM_SetBit_Far	seg022p24:Set_Bit_Field	45	45	1.000000
seg022p25:RP_MEM_ClearBit_Far	seg022p25:Clear_Bit_Field	51	51	1.000000
seg022p26:RP_MEM_TestBit_Near	seg022p26:MEM_TestBit_Near	55	55	1.000000
seg022p27:UU_MEM_SetBit_Near	seg022p27:Set_Bit_Field_Near	42	42	1.000000
seg022p28:UU_MEM_ClearBit_Near	seg022p28:UU_MEM_ClearBit_Near	42	42	1.000000
seg022p29:UU_DBG_SetSelectSetting	seg022p29:UU_DBG_SetSelectSetting	29	29	1.000000
seg022p30:UU_DBG_SelectDialog	seg022p30:UU_DBG_SelectDialog	600	600	1.000000
seg022p31:UU_VGA_GrowOutFlip	seg022p31:Draw_Expanding_Bitmap	392	392	1.000000
seg022p32:PageFlip_GrowOut_CopyScreen	seg022p32:Copy_Screen_To_Bitmap	73	73	1.000000
seg023p1:UU_VGA_GetPointInDir	seg023p1:UU_VGA_GetPointInDir	251	251	1.000000
seg023p2:Range	seg023p2:Range	75	75	1.000000
seg023p3:Delta_XY_With_Wrap	seg023p3:Delta_XY_With_Wrap	97	97	1.000000
seg023p4:UU_Tile_PlotLine	seg023p4:Path	385	385	1.000000
seg023p5:Path_Wrap	seg023p5:Path_Wrap	572	572	1.000000
seg024p1:DBG_Quit	seg024p1:F11_Key__WIP	21	21	1.000000
seg024p2:DBG_ScreenDump	seg024p2:Screen_Flic_Capture	1027	1027	1.000000
seg024p3:VGA_GetDACBlock	seg024p3:VGA_GetDACBlock	41	41	1.000000
seg024p4:VGA_ReadScreenLine	seg024p4:VGA_ReadScreenLine	91	91	1.000000
seg024p5:Release_Version	seg024p5:Release_Version	11	11	1.000000
seg024p6:Check_Release_Version	seg024p6:Check_Release_Version	10	10	1.000000
seg024p7:UU_VGA_SaveDrawSection	seg024p7:Screen_Picture_Capture	90	90	1.000000
seg024p8:UU_VGA_CopyToLBX	seg024p8:Capture_Screen_Block	134	134	1.000000
seg025p1:VGA_FILEH_Draw	seg025p1:Draw_File_Animation_Frame_ASM	455	455	1.000000
seg025p2:VGA_MapNextEMMPage	seg025p2:Map_File_Animation_Frame_ASM	47	47	1.000000
seg025p3:VGA_FILEH_Draw_R	seg025p3:Remap_Draw_File_Animation_Frame_ASM	487	487	1.000000
seg026p1:Set_Page_On	seg028p1:Set_Page_On	18	18	1.000000
seg026p2:Set_Page_Off	seg028p2:Set_Page_Off	22	22	1.000000
seg026p3:Check_Default_Video_Page	seg028p3:Check_Default_Video_Page	15	15	1.000000
seg026p4:Page_Flip	seg028p4:Page_Flip	52	52	1.000000
seg026p5:Copy_On_To_Off_Page	seg028p5:Copy_On_To_Off_Page	34	34	1.000000
seg026p6:Copy_On_To_Off_YM	seg028p6:Copy_On_To_Off_YM	198	198	1.000000
seg026p7:Copy_On_To_Off_NM	seg028p7:Copy_On_To_Off_NM	79	79	1.000000
seg026p8:Copy_Off_To_Back	seg028p8:Copy_Off_To_Back	67	67	1.000000
seg026p9:Copy_Back_To_Off	seg028p9:Copy_Back_To_Off	67	67	1.000000
seg026p10:VGA_SaveDraw_Frame4	seg028p10:Copy_Off_To_Page4	67	67	1.000000
seg026p11:VGA_LoadDraw_Frame4	seg028p11:Copy_Page4_To_Off	67	67	1.000000
seg026p12:UU_VGA_CopyToDraw	seg028p12:UU_VGA_CopyToDraw	68	68	1.000000
seg027p1:FLIC_Draw_Frame	seg029p1:Draw_Frame_ASM	256	256	1.000000
seg027p3:FLIC_Draw_EMM	seg029p3:EMM_Draw_Frame_ASM	451	451	1.000000
seg027p4:FLIC_EMM_MapNextPages	seg029p4:Map_Frame_ASM	39	39	1.000000
seg028p1:UU_LBX_Image_Copy	seg030p1:Copy_Bitmap_To_Bitmap	71	71	1.000000
seg028p2:Create_Picture	seg030p2:Create_Picture	132	132	1.000000
seg028p3:UU_LBX_IMG_VShiftRect	seg030p3:LBX_IMG_VShiftRect	515	515	1.000000
seg028p4:UU_LBX_IMG_VertWarp	seg030p4:LBX_IMG_VertWarp	337	337	1.000000
seg028p5:UU_LBX_IMG_HorzWarp	seg030p5:LBX_IMG_HorzWarp	360	360	1.000000
seg028p6:UU_LBX_IMG_PrepFill	seg030p6:Create_Blank_Picture	133	133	1.000000
seg028p7:UU_LBX_IMG_ColorShift	seg030p7:UU_LBX_IMG_ColorShift	158	158	1.000000
seg028p8:UU_LBX_IMG_CReplaceRect	seg030p8:UU_LBX_IMG_CReplaceRect	164	164	1.000000
seg028p9:UU_LBX_IMG_ClearGraphic	seg030p9:Replace_Color_All	95	95	1.000000
seg028p10:UU_LBX_IMG_LoadPalette	seg030p10:Load_Palette_From_Animation	55	55	1.000000
seg028p11:FLIC_Draw	seg030p11:FLIC_Draw	238	238	1.000000
seg028p12:FLIC_Draw_XY_Wnd	seg030p12:Clipped_Draw	442	442	1.000000
seg028p13:Draw_Picture_To_Bitmap	seg030p13:Draw_Picture_To_Bitmap	369	369	1.000000
seg028p14:FLIC_Set_CurrentFrame	seg030p14:Set_Animation_Frame	102	102	1.000000
seg028p15:FLIC_ResetFrame	seg030p15:Reset_Animation_Frame	23	23	1.000000
seg028p16:FLIC_Get_CurrentFrame	seg030p16:FLIC_Get_CurrentFrame	21	21	1.000000
seg028p17:UU_LBX_IMG_GetFrameCnt	seg030p17:FLIC_Get_FrameCount	21	21	1.000000
seg028p18:LBX_IMG_GetWidth	seg030p18:FLIC_Get_Width	20	20	1.000000
seg028p19:LBX_IMG_GetHeight	seg030p19:FLIC_Get_Height	21	21	1.000000
seg028p20:UU_VGA_WndDrawRotateImg	seg030p20:VGA_WndDrawRotateImg	129	129	1.000000
seg028p21:UU_VGA_WndDrawImageRect	seg030p21:VGA_WndDrawImageRect	4251	4251	1.000000
seg028p22:UU_VGA_WndDrawTransform	seg030p22:UU_VGA_WndDrawTransform	315	315	1.000000
seg028p23:UU_VGA_RotateRect	seg030p23:VGA_RotateRect	607	607	1.000000
seg028p24:Draw_Picture	seg030p24:Draw_Picture	57	57	1.000000
seg028p25:Draw_Picture_Windowed	seg030p25:Draw_Picture_Windowed	301	301	1.000000
seg028p26:UU_LBX_IMG_CopyInto	seg030p26:Clipped_Copy_Bitmap	360	360	1.000000
seg028p27:UU_LBX_IMG_Overlay	seg030p27:Clipped_Copy_Mask	360	360	1.000000
seg028p28:UU_LBX_IMG_StripColors	seg030p28:Transparent_Color_Range	102	102	1.000000
seg028p29:UU_LBX_IMG_CropRect	seg030p29:UU_LBX_IMG_CropRect	296	296	1.000000
seg028p30:UU_LBX_IMG_ClearRect	seg030p30:Clear_Bitmap_Region	230	230	1.000000
seg028p31:UU_LBX_IMG_FullGScale	seg030p31:UU_LBX_IMG_FullGScale	32	32	1.000000
seg028p32:UU_LBX_IMG_ExtGScaleEC	seg030p32:UU_LBX_IMG_ExtGScaleEC	51	51	1.000000
seg028p33:UU_LBX_IMG_ExtGrayScale	seg030p33:UU_LBX_IMG_ExtGrayScale	280	280	1.000000
seg028p34:UU_LBX_IMG_Resize	seg030p34:Scale_Bitmap	217	217	1.000000
seg028p35:Open_File_Animation__HACK	seg030p35:Open_File_Animation	117	117	1.000000
seg028p36:Draw_File_Animation__HACK	seg030p36:Draw_File_Animation	366	366	1.000000
seg028p37:VGA_FILEH_Loader	seg030p37:Load_File_Animation_Frame	371	371	1.000000
seg028p38:UU_VGA_FILEH_GetFrame	seg030p38:Get_File_Animation_Frame	22	22	1.000000
seg028p39:UU_VGA_FILEH_SetFrame	seg030p39:Set_File_Animation_Frame	24	24	1.000000
seg028p40:LBX_IMG_IsFullFramed	seg030p40:Get_Full_Store_Flag	144	144	1.000000
seg028p41:LBX_IMG_SetLoop1	seg030p41:FLIC_Set_LoopFrame_1	24	24	1.000000
seg028p42:UU_LBX_IMG_OutlineOvr	seg030p42:Outline_Bitmap_Pixels	218	218	1.000000
seg028p43:UU_LBX_IMG_OutlineOvr_R	seg030p43:Outline_Bitmap_Pixels_No_Glass	226	226	1.000000
seg028p44:UU_LBX_IMG_ColorScrmblr	seg030p44:Bitmap_Aura_Pixels	111	111	1.000000
seg028p45:UU_LBX_IMG_DrawRect	seg030p45:UU_LBX_IMG_DrawRect	337	337	1.000000
seg028p46:LBX_IMG_GetGFXSize	seg030p46:Get_Bitmap_Actual_Size	225	225	1.000000
seg029p1:VGA_DrawPartialImage	seg031p1:Clipped_Draw_Frame	565	565	1.000000
seg029p2:VGA_DrawPartImage_R	seg031p2:Clipped_Remap_Draw_Frame__NOP	746	746	1.000000
seg030p1:VGA_DrawPartEmsImg	seg032p1:EMS_Clipped_Draw	760	760	1.000000
seg030p2:EMM_MapNextIMGPages	seg032p2:EMS_Clipped_Draw_Map4Pages	44	44	1.000000
seg030p3:VGA_DrawPartEmsImg_R	seg032p3:EMS_Clipped_Remap_Draw	753	753	1.000000
seg031p1:FLIC_DecPrepare	seg033p1:Create_Multi_Frame_Blank_Bitmap	66	66	1.000000
seg031p2:FLIC_LoadFrame	seg033p2:Add_Picture_To_Bitmap	164	164	1.000000
seg031p3:FLIC_LoadEMSFrame	seg033p3:Add_Picture_To_Bitmap_EMM	308	308	1.000000
seg031p4:EMM_MapNextIMGPages2	seg033p4:EMM_MapNextIMGPages2	37	37	1.000000
seg031p5:Draw_Picture_ASM	seg033p5:Draw_Picture_ASM	188	188	1.000000
seg031p6:VGA_CopyLBXImage_R	seg033p6:Remap_Draw_Picture_ASM	187	187	1.000000
seg031p7:UU_LBX_IMG_RawOverlay	seg033p7:Mask_Bitmap_Pixels	75	75	1.000000
seg031p8:UU_LBX_IMG_HorzFlip	seg033p8:Flip_Bitmap	66	66	1.000000
seg031p9:UU_LBX_IMG_ColorReplace	seg033p9:Replace_Color	55	55	1.000000
seg031p10:UU_LBX_IMG_GetIntensity	seg033p10:UU_LBX_IMG_GetIntensity	118	118	1.000000
seg031p11:UU_LBX_IMG_PartialCopy	seg033p11:Mask_Bitmap_Pixels_Inverse	75	75	1.000000
seg031p12:UU_MEM_Clear_Far2	seg033p12:Clear_Bitmap_Pixels	28	28	1.000000
seg031p13:UU_LBX_IMG_Shrink	seg033p13:Reduce_Bitmap	170	170	1.000000
seg031p14:UU_LBX_IMG_Stretch	seg033p14:Enlarge_Bitmap	200	200	1.000000
seg031p15:Vanish_Bitmap	seg033p15:Vanish_Bitmap__WIP	112	112	1.000000
seg031p16:Grayscale_Bitmap	seg033p16:Gray_Scale_Bitmap	130	130	1.000000
seg031p17:UU_LBX_IMG_RevGrayscale	seg033p17:LBX_IMG_RevGrayscale	134	134	1.000000
seg031p18:UU_DUP_RevGrayscale	seg033p18:UU_DUP_RevGrayscale	134	134	1.000000
seg031p19:UU_RNG_GFX_Random	seg033p19:RNG_GFX_Random__WIP	142	142	1.000000
seg032p1:UU_MATH_Inverse_Tangent	seg034p1:Get_Angle	89	89	1.000000
seg032p2:UU_MATH_Inverse_Tan_QI	seg034p2:Get_Base_Angle	173	173	1.000000
seg032p3:UU_MATH_Int_Cos	seg034p3:Cos	142	142	1.000000
seg032p4:UU_MATH_Int_Sin	seg034p4:Sin	142	142	1.000000
seg032p5:UU_VGA_DrawTexture	seg034p5:VGA_DrawTexture	380	380	1.000000
seg032p6:UU_VGA_DrawTexture_R	seg034p6:VGA_DrawTexture_R	485	485	1.000000
seg033p1:Set_Mouse_List	seg035p1:Set_Mouse_List	68	68	1.000000
seg033p2:Check_Mouse_Shape	seg035p2:Check_Mouse_Shape	90	90	1.000000
seg033p3:Get_Pointer_Image_Number	seg035p3:Get_Pointer_Image_Number	11	11	1.000000
seg033p4:Get_Pointer_Offset	seg035p4:Get_Pointer_Offset	11	11	1.000000
seg033p5:Mouse_Button	seg035p5:Mouse_Button	38	38	1.000000
seg033p6:MD_WaitRelease	seg035p6:Mouse_Wait	32	32	1.000000
seg033p7:MD_Init	seg035p7:Init_Mouse_Driver	150	150	1.000000
seg033p8:CRP_MD_EnableEmu	seg035p8:RP_MOUSE_SetUsable	14	14	1.000000
seg033p9:Reset_System_Mouse	seg035p9:Reset_System_Mouse	72	72	1.000000
seg033p10:Mouse_Movement_Handler	seg035p10:Mouse_Movement_Handler	53	53	1.000000
seg033p11:Mouse_Button_Handler	seg035p11:Mouse_Button_Handler	53	53	1.000000
seg033p12:MD_INT_Handler	seg035p12:User_Mouse_Handler	224	224	1.000000
seg033p13:Save_Mouse_State	seg035p13:Save_Mouse_State	24	24	1.000000
seg033p14:Restore_Mouse_State	seg035p14:Restore_Mouse_State	18	18	1.000000
seg033p15:UU_MOUSE_GetHwOrEmu	seg035p15:UU_MOUSE_Usable	21	21	1.000000
seg033p16:Keyboard_Status	seg035p16:Keyboard_Status	32	32	1.000000
seg033p17:Read_Key	seg035p17:Read_Key	607	607	1.000000
seg033p18:Pointer_X	seg035p18:Pointer_X	11	11	1.000000
seg033p19:Pointer_Y	seg035p19:Pointer_Y	11	11	1.000000
seg033p20:MD_MoveCursor	seg035p20:Set_Pointer_Position	43	43	1.000000
seg033p21:MD_MoveCursorINT	seg035p21:Set_Mouse_Position	22	22	1.000000
seg033p22:MD_GetClickX	seg035p22:Mouse_Buffer_X	11	11	1.000000
seg033p23:MD_GetClickY	seg035p23:Mouse_Buffer_Y	11	11	1.000000
seg033p24:MD_GetClickedBtns	seg035p24:Mouse_Buffer_Button	11	11	1.000000
seg033p25:Mouse_Buffer	seg035p25:Mouse_Buffer	17	17	1.000000
seg033p26:Mouse_Buffer2	seg035p26:Mouse_Buffer2	17	17	1.000000
seg033p27:CRP_MD_SetClick_CilckRec2	seg035p27:Set_Buffer_2	30	30	1.000000
seg033p28:UU_MD_SetClick_All	seg035p28:Set_Mouse_Buffer	42	42	1.000000
seg033p29:MD_ISR_SaveClick	seg035p29:Check_Mouse_Buffer	58	58	1.000000
seg033p30:Save_Mouse_On_Page	seg035p30:Save_Mouse_On_Page	211	211	1.000000
seg033p31:Save_Mouse_Off_Page	seg035p31:Save_Mouse_Off_Page	222	222	1.000000
seg033p32:Save_Mouse_On_Page_	seg035p32:Save_Mouse_On_Page_	183	183	1.000000
seg033p33:Copy_Mouse_Off_To_Mouse_Back	seg035p33:Copy_Mouse_Off_To_Mouse_Back	27	27	1.000000
seg033p34:Restore_Mouse_On_Page	seg035p34:Restore_Mouse_On_Page	144	144	1.000000
seg033p35:Restore_Mouse_Off_Page	seg035p35:Restore_Mouse_Off_Page	148	148	1.000000
seg033p36:UU_CRL_Restore_SP3	seg035p36:UU_VGA_RestoreToFrame3	133	133	1.000000
seg033p37:Draw_Mouse_On_Page	seg035p37:Draw_Mouse_On_Page	38	38	1.000000
seg033p38:Draw_Mouse_Off_Page	seg035p38:Draw_Mouse_Off_Page	38	38	1.000000
seg033p39:Draw_Mouse_On_Page_	seg035p39:Draw_Mouse_On_Page_	209	209	1.000000
seg033p40:Draw_Mouse_Off_Page_	seg035p40:Draw_Mouse_Off_Page_	213	213	1.000000
seg033p41:UU_GUI_ClearClickBuffer	seg035p41:UU_GUI_ClearClickBuffer	30	30	1.000000
seg033p42:UU_GUI_ClickBuffReset	seg035p42:UU_GUI_ClickBuffReset	7	7	1.000000
seg033p43:UU_GUI_SetClickBuffVar1	seg035p43:UU_GUI_SetClickBuffVar1	7	7	1.000000
seg033p44:UU_GUI_ClearBufferClick	seg035p44:UU_GUI_ClearBufferClick	30	30	1.000000
seg033p45:UU_GUI_FindEmptyClick	seg035p45:UU_GUI_FindEmptyClick	51	51	1.000000
seg033p46:UU_GUI_GetClickBuffVar1	seg035p46:UU_GUI_GetClickBuffVar1	4	4	1.000000
seg033p47:UU_GUI_AddBufferClick	seg035p47:UU_GUI_AddBufferClick	78	78	1.000000
seg033p48:UU_GUI_ProcBufferClick	seg035p48:UU_GUI_ProcBufferClick	121	121	1.000000
seg034p1:Interpret_Mouse_Input	seg036p1:Interpret_Mouse_Input	3935	3935	1.000000
seg034p2:UU_GUI_SetTimeOutP	seg036p2:UU_GUI_SetTimeOutP	28	28	1.000000
seg034p3:UU_GUI_SetTimeOutN	seg036p3:UU_GUI_SetTimeOutN	28	28	1.000000
seg034p4:UU_GUI_EditStart	seg036p4:UU_GUI_EditStart	16	16	1.000000
seg034p5:UU_GUI_SetClickBuffer	seg036p5:UU_GUI_SetClickBuffer	49	49	1.000000
seg034p6:UU_GUI_LoadClickFile	seg036p6:UU_GUI_LoadClickFile	84	84	1.000000
seg034p7:UU_GUI_SaveClickFile	seg036p7:UU_GUI_SaveClickFile	71	71	1.000000
seg034p8:Disable_Cancel	seg036p8:Disable_Cancel	11	11	1.000000
seg034p9:Enable_Cancel	seg036p9:Enable_Cancel	11	11	1.000000
seg034p10:Disable_Mouse_Wait	seg036p10:Disable_Mouse_Wait	11	11	1.000000
seg034p11:Enable_Mouse_Wait	seg036p11:Enable_Mouse_Wait	11	11	1.000000
seg034p12:Set_Help_List	seg036p12:Set_Help_List	23	23	1.000000
seg034p13:Deactivate_Help_List	seg036p13:Deactivate_Help_List	23	23	1.000000
seg034p14:Check_Help_List	seg036p14:Check_Help_List	195	195	1.000000
seg034p15:UU_GUI_GetControlWidth	seg036p15:UU_GUI_GetControlWidth	77	77	1.000000
seg034p16:UU_GUI_GetControlHeight	seg036p16:UU_GUI_GetControlHeight	78	78	1.000000
seg034p17:UU_GUI_GetLastClickX	seg036p17:UU_GUI_GetLastClickX	10	10	1.000000
seg034p18:UU_GUI_GetLastClickY	seg036p18:UU_GUI_GetLastClickY	10	10	1.000000
seg034p19:UU_GUI_GetLastClickBtns	seg036p19:UU_GUI_GetLastClickBtns	10	10	1.000000
seg034p20:Auto_Input	seg036p20:Auto_Input	10	10	1.000000
seg034p21:CRP_GUI_KeyInputOnly	seg036p21:RP_GUI_KeyInputOnly	1653	1653	1.000000
seg034p22:Interpret_Keyboard_Input	seg036p22:Interpret_Keyboard_Input	1195	1195	1.000000
seg034p23:GUI_GetNextControl	seg036p23:GUI_GetNextControl	3500	3500	1.000000
seg034p24:GUI_MouseEmuMove	seg036p24:UU_GUI_MouseEMUMoveTo	280	280	1.000000
seg034p25:Scan_Field	seg036p25:Scan_Field	208	208	1.000000
seg034p26:Scan_Input	seg036p26:Scan_Input	370	370	1.000000
seg034p27:UU_GUI_KeyWaitLoop	seg036p27:UU_GUI_KeyWaitLoop	23	23	1.000000
seg034p28:G_GUI_ClearInput	seg036p28:Reset_Wait_For_Input	60	60	1.000000
seg034p29:G_GUI_PressAnyKey	seg036p29:Wait_For_Input	395	395	1.000000
seg034p30:GUI_ProcessDirKey	seg036p30:Process_Direction_Key__STUB	712	712	1.000000
seg034p31:Input_Box_Popup	seg036p31:Input_Box_Popup	1067	1067	1.000000
seg034p32:Setup_Input_Box_Popup	seg036p32:Setup_Input_Box_Popup	969	969	1.000000
seg034p33:GUI_EditBoxRedraw	seg036p33:Draw_Input_Box_Popup	999	999	1.000000
seg034p34:Add_Input_Field	seg036p34:Add_Input_Field	463	463	1.000000
seg034p35:UU_GUI_CreateEditSelect	seg036p35:Add_Continuous_String_Input_Field	355	355	1.000000
seg034p36:UU_GUI_Ctrl_DecHeight	seg036p36:UU_GUI_Ctrl_DecHeight	45	45	1.000000
seg034p37:UU_GUI_CreateDialogLine	seg036p37:Add_String_List_Field	528	528	1.000000
seg034p38:UU_UI_AddAltKeyControl	seg036p38:Add_Multi_Hot_Key_Field	336	336	1.000000
seg034p39:RP_GUI_CreateImageLabel	seg036p39:Add_Picture_Field	327	327	1.000000
seg034p40:RP_GUI_CreateWndImgLbl	seg036p40:UU_GUI_CreateWndImgLbl	464	464	1.000000
seg034p41:UU_GUI_SetBtnClickDir	seg036p41:Set_Button_Down_Offsets	17	17	1.000000
seg034p42:Add_Button_Info	seg036p42:Add_Button_Info	394	394	1.000000
seg034p43:Add_Button_Field	seg036p43:Add_Button_Field	63	63	1.000000
seg034p44:UU_GUI_CreateToggleBtn	seg036p44:UU_GUI_CreateToggleBtn	84	84	1.000000
seg034p45:UU_GUI_CreateLockblBtn	seg036p45:UU_GUI_CreateLockblBtn	84	84	1.000000
seg034p46:UU_GUI_CreateMStateBtn	seg036p46:UU_GUI_CreateMStateBtn	105	105	1.000000
seg034p47:Add_Hidden_Field	seg036p47:Add_Hidden_Field	251	251	1.000000
seg034p48:UU_GUI_CreateWndLabel	seg036p48:UU_Add_Clipped_Hidden_Field	403	403	1.000000
seg034p49:Add_Hot_Key	seg036p49:Add_Hot_Key	246	246	1.000000
seg034p50:UU_GUI_CreateHelpLink	seg036p50:UU_GUI_CreateHelpLink	314	314	1.000000
seg034p51:Add_Grid_Field	seg036p51:Add_Grid_Field	350	350	1.000000
seg034p52:Add_Scroll_Field	seg036p52:Add_Scroll_Field	49	49	1.000000
seg034p53:Add_Scroll_Field_Far	seg036p53:Add_Scroll_Field_Far	477	477	1.000000
seg034p54:Find_Bar_Position	seg036p54:Find_Bar_Position	637	637	1.000000
seg034p55:Increment_Scroll_Bar	seg036p55:Increment_Scroll_Bar	306	306	1.000000
seg034p56:Decrement_Scroll_Bar	seg036p56:Decrement_Scroll_Bar	305	305	1.000000
seg034p57:Clear_Fields	seg036p57:Clear_Fields	35	35	1.000000
seg034p58:UU_GUI_NoSelectColor	seg036p58:NX_UU_GUI_NoSelectColor	29	29	1.000000
seg034p59:UU_GUI_ScrollableTxtDlg	seg036p59:UU_GUI_ScrollableTxtDlg	2724	2724	1.000000
seg034p60:UU_GUI_CreateTextDialog	seg036p60:Get_List_Field	620	620	1.000000
seg034p61:UU_GUI_NoMouseHighlight	seg036p61:UU_GUI_NoMouseHighlight	11	11	1.000000
seg034p62:GUI_MoveDlgHighlight	seg036p62:GUI_MoveDlgHighlight__STUB	1061	1061	1.000000
seg034p63:UU_GUI_SetControlCount	seg036p63:Clear_Fields_Above	18	18	1.000000
seg034p64:UU_GUI_GetControlCount	seg036p64:Get_Field_Counter	10	10	1.000000
seg034p65:Init_Mouse_Keyboard	seg036p65:Init_Mouse_Keyboard	201	201	1.000000
seg034p66:Get_Input	seg036p66:Get_Input	74	74	1.000000
seg034p67:Set_Input_Delay	seg036p67:Set_Input_Delay	21	21	1.000000
seg034p68:UU_GUI_GetDelay	seg036p68:UU_Get_Input_Delay	10	10	1.000000
seg034p69:UU_GUI_ClearSelectable	seg036p69:UU_GUI_ClearSelectable	47	47	1.000000
seg034p70:UU_GUI_SetSelectable	seg036p70:UU_GUI_SetSelectable	47	47	1.000000
seg034p71:Draw_Fields	seg036p71:Draw_Fields	5355	5355	1.000000
seg034p72:Draw_Field	seg036p72:Draw_Field	4268	4268	1.000000
seg034p73:Push_Field_Down	seg036p73:Push_Field_Down	475	475	1.000000
seg034p74:UU_GUI_SetDlgTitleHelp	seg036p74:UU_GUI_SetDlgTitleHelp	11	11	1.000000
seg034p75:UU_GUI_ClearTitleHelp	seg036p75:UU_GUI_ClearTitleHelp	11	11	1.000000
seg034p76:Assign_Auto_Function	seg036p76:Assign_Auto_Function	48	48	1.000000
seg034p77:Save_Auto_Function	seg036p77:Save_Auto_Function	19	19	1.000000
seg034p78:Restore_Auto_Function	seg036p78:Restore_Auto_Function	25	25	1.000000
seg034p79:Deactivate_Auto_Function	seg036p79:Deactivate_Auto_Function	11	11	1.000000
seg034p80:UU_Activate_Auto_Function	seg036p80:UU_Activate_Auto_Function	11	11	1.000000
seg034p81:Invoke_Auto_Function	seg036p81:Invoke_Auto_Function	16	16	1.000000
seg034p82:Quick_Call_Auto_Function	seg036p82:Quick_Call_Auto_Function	58	58	1.000000
seg034p83:Call_Auto_Function	seg036p83:Call_Auto_Function	58	58	1.000000
seg034p84:UU_CTRL_Clear_Skip1	seg036p84:UU_GUI_ExtClear	18	18	1.000000
seg034p85:Toggle_Pages	seg036p85:Toggle_Pages	79	79	1.000000
stub048p1:j_Save_SAVE_GAM	stub050p1:j_Save_SAVE_GAM	5	5	1.000000
stub048p2:j_Load_SAVE_GAM	stub050p2:j_Load_SAVE_GAM	5	5	1.000000
